-- MySQL dump 10.19  Distrib 10.3.34-MariaDB, for debian-linux-gnu (x86_64)
--
-- Host: localhost    Database: etq
-- ------------------------------------------------------
-- Server version	10.3.34-MariaDB-0+deb10u1

/*!40101 SET @OLD_CHARACTER_SET_CLIENT=@@CHARACTER_SET_CLIENT */;
/*!40101 SET @OLD_CHARACTER_SET_RESULTS=@@CHARACTER_SET_RESULTS */;
/*!40101 SET @OLD_COLLATION_CONNECTION=@@COLLATION_CONNECTION */;
/*!40101 SET NAMES utf8mb4 */;
/*!40103 SET @OLD_TIME_ZONE=@@TIME_ZONE */;
/*!40103 SET TIME_ZONE='+00:00' */;
/*!40014 SET @OLD_UNIQUE_CHECKS=@@UNIQUE_CHECKS, UNIQUE_CHECKS=0 */;
/*!40014 SET @OLD_FOREIGN_KEY_CHECKS=@@FOREIGN_KEY_CHECKS, FOREIGN_KEY_CHECKS=0 */;
/*!40101 SET @OLD_SQL_MODE=@@SQL_MODE, SQL_MODE='NO_AUTO_VALUE_ON_ZERO' */;
/*!40111 SET @OLD_SQL_NOTES=@@SQL_NOTES, SQL_NOTES=0 */;

--
-- Table structure for table `exercise`
--

DROP TABLE IF EXISTS `exercise`;
/*!40101 SET @saved_cs_client     = @@character_set_client */;
/*!40101 SET character_set_client = utf8 */;
CREATE TABLE `exercise` (
  `id` bigint(20) NOT NULL AUTO_INCREMENT,
  `level` varchar(255) DEFAULT NULL,
  `score` double NOT NULL,
  `user_id` bigint(20) DEFAULT NULL,
  `subject_id` bigint(20) DEFAULT NULL,
  PRIMARY KEY (`id`),
  KEY `FK19e5j8esbth0fkbm15qkwroul` (`subject_id`),
  KEY `FK5v547fhplc6po1fgoeqk1dl9f` (`user_id`),
  CONSTRAINT `FK19e5j8esbth0fkbm15qkwroul` FOREIGN KEY (`subject_id`) REFERENCES `subject` (`id`),
  CONSTRAINT `FK5v547fhplc6po1fgoeqk1dl9f` FOREIGN KEY (`user_id`) REFERENCES `user` (`id`)
) ENGINE=InnoDB AUTO_INCREMENT=382 DEFAULT CHARSET=utf8mb4;
/*!40101 SET character_set_client = @saved_cs_client */;

--
-- Dumping data for table `exercise`
--

LOCK TABLES `exercise` WRITE;
/*!40000 ALTER TABLE `exercise` DISABLE KEYS */;
INSERT INTO `exercise` VALUES (1,'EASY',10,2,36),(2,'MEDIUM',10,2,34),(3,'HARD',7,2,46),(4,'HARD',10,2,45),(5,'EASY',10,2,36),(6,'EASY',10,2,37),(13,'EASY',10,2,43),(15,'MEDIUM',10,2,30),(22,'MEDIUM',10,2,32),(23,'MEDIUM',10,2,30),(24,'EASY',10,2,43),(25,'EASY',10,2,43),(31,'MEDIUM',3,10,30),(32,'HARD',10,10,52),(33,'EASY',5,10,37),(35,'EASY',6,10,42),(36,'HARD',10,2,52),(50,'EASY',8,22,43),(54,'EASY',5,24,36),(55,'MEDIUM',7,24,28),(56,'HARD',10,24,52),(57,'HARD',4,24,45),(58,'MEDIUM',2,24,28),(59,'EASY',2,24,37),(60,'EASY',7,24,36),(61,'EASY',4,9,40),(62,'EASY',10,10,36),(63,'EASY',7,10,43),(65,'EASY',3,9,37),(66,'EASY',3,9,38),(67,'EASY',7,9,38),(68,'EASY',2,9,39),(69,'EASY',3,9,39),(70,'EASY',7,9,39),(71,'EASY',8,9,41),(72,'EASY',6,9,42),(73,'EASY',5,25,42),(74,'EASY',3,25,42),(77,'MEDIUM',9,48,NULL),(78,'EASY',6,9,40),(80,'EASY',3,1,36),(81,'EASY',5,54,36),(82,'EASY',2,54,41),(83,'EASY',3,54,41),(84,'EASY',4,50,41),(85,'EASY',6,50,41),(86,'EASY',5,50,41),(87,'EASY',4,50,41),(88,'EASY',5,50,41),(89,'EASY',9,50,41),(90,'EASY',4,56,39),(91,'EASY',2,50,36),(92,'EASY',3,50,36),(93,'EASY',2,50,36),(94,'EASY',4,50,37),(95,'EASY',3,50,39),(96,'EASY',1,50,39),(97,'EASY',3,50,39),(98,'EASY',6,50,39),(99,'EASY',1,50,37),(100,'EASY',4,50,37),(101,'EASY',6,50,39),(102,'EASY',4,50,38),(103,'EASY',2,50,38),(104,'EASY',2,50,38),(105,'EASY',3,50,38),(106,'EASY',4,55,39),(107,'EASY',6,55,39),(108,'EASY',5,55,39),(109,'EASY',8,55,39),(110,'EASY',8,55,39),(111,'EASY',9,55,39),(112,'EASY',9,55,39),(113,'EASY',10,55,39),(114,'EASY',7,55,41),(115,'EASY',10,55,41),(116,'EASY',9,55,41),(117,'EASY',10,55,41),(118,'MEDIUM',4,55,28),(119,'MEDIUM',5,55,28),(120,'MEDIUM',7,55,28),(121,'MEDIUM',7,55,28),(122,'MEDIUM',9,55,28),(123,'MEDIUM',9,55,28),(124,'MEDIUM',9,55,28),(125,'EASY',6,63,36),(126,'EASY',9,63,36),(127,'EASY',8,63,37),(128,'EASY',10,63,37),(129,'EASY',4,63,39),(132,'MEDIUM',6,63,28),(133,'MEDIUM',10,63,28),(134,'MEDIUM',5,63,29),(135,'HARD',5,63,50),(136,'MEDIUM',8,64,29),(137,'HARD',5,64,50),(139,'HARD',4,65,50),(140,'MEDIUM',4,66,29),(141,'MEDIUM',8,66,30),(142,'EASY',10,66,37),(143,'EASY',9,66,40),(144,'EASY',10,66,43),(145,'MEDIUM',5,66,34),(146,'MEDIUM',9,66,32),(147,'MEDIUM',10,66,33),(148,'MEDIUM',7,66,30),(149,'MEDIUM',7,60,30),(150,'MEDIUM',9,60,30),(151,'MEDIUM',4,60,29),(152,'MEDIUM',4,60,29),(153,'MEDIUM',6,60,29),(154,'MEDIUM',9,60,29),(167,'MEDIUM',9,62,30),(168,'EASY',10,62,41),(169,'EASY',7,10,43),(170,'EASY',3,67,36),(171,'EASY',3,67,36),(172,'EASY',0,67,36),(173,'EASY',4,67,36),(174,'EASY',8,67,42),(175,'EASY',4,67,42),(176,'EASY',8,67,42),(177,'MEDIUM',8,63,28),(183,'EASY',10,2,36),(186,'EASY',7,83,44),(187,'EASY',8,83,44),(188,'EASY',8,67,43),(189,'EASY',7,67,43),(190,'EASY',7,67,43),(191,'EASY',7,67,43),(192,'EASY',8,67,43),(193,'EASY',10,67,43),(194,'EASY',4,67,42),(195,'EASY',9,67,42),(196,'EASY',9,67,42),(197,'EASY',8,67,42),(198,'EASY',8,67,42),(199,'EASY',10,67,42),(200,'EASY',10,83,44),(201,'EASY',7,67,41),(203,'MEDIUM',7,85,32),(204,'HARD',8,24,47),(205,'HARD',8,24,47),(206,'HARD',8,24,47),(207,'HARD',10,24,47),(208,'HARD',7,24,45),(210,'HARD',4,86,47),(211,'MEDIUM',6,86,29),(212,'MEDIUM',7,86,29),(213,'HARD',1,86,47),(214,'HARD',6,86,49),(216,'EASY',10,24,36),(217,'EASY',10,9,40),(218,'HARD',8,9,46),(219,'HARD',9,9,46),(220,'EASY',10,9,37),(221,'EASY',10,9,37),(222,'MEDIUM',8,9,34),(223,'MEDIUM',7,86,29),(224,'MEDIUM',10,86,29),(225,'MEDIUM',6,86,29),(228,'EASY',7,90,53),(229,'EASY',8,90,43),(230,'EASY',6,90,53),(231,'EASY',10,91,53),(232,'HARD',8,91,45),(233,'MEDIUM',2,92,27),(234,'MEDIUM',5,92,27),(235,'MEDIUM',6,92,27),(236,'MEDIUM',8,92,28),(237,'MEDIUM',5,92,28),(238,'MEDIUM',7,92,28),(239,'MEDIUM',9,92,28),(240,'MEDIUM',8,92,30),(241,'MEDIUM',6,92,30),(242,'MEDIUM',8,92,30),(243,'MEDIUM',7,92,31),(244,'MEDIUM',5,92,32),(245,'MEDIUM',9,92,32),(246,'MEDIUM',10,92,32),(247,'MEDIUM',3,92,33),(248,'MEDIUM',6,92,34),(249,'MEDIUM',10,92,35),(250,'HARD',5,92,45),(251,'HARD',6,92,45),(252,'MEDIUM',5,92,27),(253,'MEDIUM',6,92,27),(254,'MEDIUM',5,92,27),(255,'MEDIUM',7,92,28),(256,'MEDIUM',7,92,28),(257,'MEDIUM',6,92,29),(258,'MEDIUM',6,92,29),(259,'MEDIUM',7,92,29),(260,'MEDIUM',5,92,30),(261,'MEDIUM',8,92,30),(262,'MEDIUM',6,92,31),(263,'MEDIUM',8,92,32),(264,'MEDIUM',10,92,32),(265,'MEDIUM',7,92,33),(266,'MEDIUM',8,92,34),(267,'MEDIUM',9,92,35),(268,'MEDIUM',10,92,35),(269,'MEDIUM',6,92,27),(270,'MEDIUM',8,92,27),(271,'MEDIUM',9,92,27),(272,'MEDIUM',10,92,27),(273,'EASY',10,94,53),(274,'EASY',10,94,44),(275,'MEDIUM',10,94,30),(276,'MEDIUM',8,94,31),(277,'MEDIUM',8,94,31),(278,'MEDIUM',8,94,35),(279,'MEDIUM',10,94,35),(280,'MEDIUM',6,94,34),(281,'MEDIUM',10,94,28),(282,'MEDIUM',6,94,29),(283,'MEDIUM',8,94,27),(284,'MEDIUM',10,94,32),(285,'MEDIUM',10,94,33),(286,'EASY',9,94,37),(287,'EASY',9,95,37),(288,'EASY',8,95,38),(289,'EASY',10,95,38),(290,'EASY',8,95,39),(291,'EASY',10,95,43),(292,'EASY',9,95,44),(293,'EASY',9,96,36),(294,'MEDIUM',7,96,27),(295,'HARD',5,97,47),(296,'HARD',6,97,47),(297,'HARD',3,97,50),(298,'EASY',10,93,36),(299,'EASY',9,93,37),(300,'EASY',9,93,38),(301,'EASY',9,93,39),(302,'EASY',8,93,40),(303,'EASY',9,93,41),(304,'EASY',10,93,42),(305,'EASY',10,93,43),(306,'EASY',10,93,44),(307,'EASY',10,93,53),(308,'MEDIUM',10,93,27),(309,'MEDIUM',10,93,28),(310,'MEDIUM',8,93,29),(311,'MEDIUM',8,93,30),(312,'MEDIUM',6,93,30),(313,'MEDIUM',10,93,30),(314,'MEDIUM',9,93,31),(315,'MEDIUM',10,93,32),(316,'MEDIUM',9,93,33),(317,'MEDIUM',9,93,33),(318,'MEDIUM',7,93,33),(319,'MEDIUM',9,93,34),(320,'MEDIUM',9,93,35),(321,'HARD',4,93,45),(322,'HARD',9,93,45),(323,'HARD',8,93,45),(324,'HARD',7,93,46),(325,'HARD',5,93,47),(326,'HARD',4,93,48),(327,'HARD',5,93,49),(328,'HARD',7,93,50),(329,'HARD',4,93,51),(330,'HARD',5,93,52),(331,'HARD',9,100,45),(332,'HARD',8,100,45),(333,'HARD',8,100,45),(334,'HARD',1,100,46),(335,'HARD',4,100,46),(336,'HARD',7,100,46),(337,'HARD',8,100,46),(338,'HARD',6,100,47),(339,'HARD',7,100,47),(340,'HARD',8,100,47),(341,'HARD',2,100,48),(342,'HARD',4,100,48),(343,'HARD',10,100,48),(344,'HARD',5,100,49),(345,'HARD',7,100,49),(346,'HARD',9,100,49),(347,'EASY',10,59,37),(349,'HARD',7,100,50),(350,'HARD',8,100,50),(351,'HARD',7,91,51),(357,'EASY',4,1,38),(358,'EASY',2,1,37),(359,'EASY',3,1,39),(364,'EASY',2,83,44),(365,'EASY',5,84,37),(366,'EASY',4,83,39),(367,'HARD',3,83,47),(368,'EASY',9,66,36),(369,'EASY',9,106,37),(372,'MEDIUM',2,1,27),(373,'MEDIUM',8,1,55),(374,'MEDIUM',9,24,55),(375,'EASY',10,1,57),(376,'EASY',2,122,57),(377,'EASY',6,135,57),(378,'MEDIUM',6,137,55),(379,'EASY',6,137,57),(380,'EASY',9,128,57),(381,'EASY',10,128,57);
/*!40000 ALTER TABLE `exercise` ENABLE KEYS */;
UNLOCK TABLES;

--
-- Table structure for table `hibernate_sequence`
--

DROP TABLE IF EXISTS `hibernate_sequence`;
/*!40101 SET @saved_cs_client     = @@character_set_client */;
/*!40101 SET character_set_client = utf8 */;
CREATE TABLE `hibernate_sequence` (
  `next_val` bigint(20) DEFAULT NULL
) ENGINE=InnoDB DEFAULT CHARSET=utf8mb4;
/*!40101 SET character_set_client = @saved_cs_client */;

--
-- Dumping data for table `hibernate_sequence`
--

LOCK TABLES `hibernate_sequence` WRITE;
/*!40000 ALTER TABLE `hibernate_sequence` DISABLE KEYS */;
INSERT INTO `hibernate_sequence` VALUES (63);
/*!40000 ALTER TABLE `hibernate_sequence` ENABLE KEYS */;
UNLOCK TABLES;

--
-- Table structure for table `password_reset_token`
--

DROP TABLE IF EXISTS `password_reset_token`;
/*!40101 SET @saved_cs_client     = @@character_set_client */;
/*!40101 SET character_set_client = utf8 */;
CREATE TABLE `password_reset_token` (
  `id` bigint(20) NOT NULL,
  `email` varchar(255) DEFAULT NULL,
  `expiry_date` datetime DEFAULT NULL,
  `pasword` varchar(255) DEFAULT NULL,
  `token` varchar(255) DEFAULT NULL,
  `user_id` bigint(20) NOT NULL,
  PRIMARY KEY (`id`),
  KEY `FK83nsrttkwkb6ym0anu051mtxn` (`user_id`),
  CONSTRAINT `FK5lwtbncug84d4ero33v3cfxvl` FOREIGN KEY (`user_id`) REFERENCES `user` (`id`),
  CONSTRAINT `FK83nsrttkwkb6ym0anu051mtxn` FOREIGN KEY (`user_id`) REFERENCES `users` (`id`)
) ENGINE=InnoDB DEFAULT CHARSET=utf8mb4;
/*!40101 SET character_set_client = @saved_cs_client */;

--
-- Dumping data for table `password_reset_token`
--

LOCK TABLES `password_reset_token` WRITE;
/*!40000 ALTER TABLE `password_reset_token` DISABLE KEYS */;
/*!40000 ALTER TABLE `password_reset_token` ENABLE KEYS */;
UNLOCK TABLES;

--
-- Table structure for table `quest`
--

DROP TABLE IF EXISTS `quest`;
/*!40101 SET @saved_cs_client     = @@character_set_client */;
/*!40101 SET character_set_client = utf8 */;
CREATE TABLE `quest` (
  `id` bigint(20) NOT NULL AUTO_INCREMENT,
  `finish_date` datetime DEFAULT NULL,
  `finished` bit(1) NOT NULL,
  `start_date` datetime DEFAULT NULL,
  `time_interval` bigint(20) NOT NULL,
  `time_unit` int(11) DEFAULT NULL,
  `title` varchar(255) DEFAULT NULL,
  `subject_id` bigint(20) DEFAULT NULL,
  `user_id` bigint(20) DEFAULT NULL,
  PRIMARY KEY (`id`),
  KEY `FKsnrj1155rlsewmrexeypyc1i4` (`subject_id`),
  KEY `FKlgsc5aj1jqdfwj8v3pkhbidnx` (`user_id`),
  CONSTRAINT `FKlgsc5aj1jqdfwj8v3pkhbidnx` FOREIGN KEY (`user_id`) REFERENCES `user` (`id`),
  CONSTRAINT `FKsnrj1155rlsewmrexeypyc1i4` FOREIGN KEY (`subject_id`) REFERENCES `subject` (`id`)
) ENGINE=InnoDB AUTO_INCREMENT=15 DEFAULT CHARSET=utf8mb4;
/*!40101 SET character_set_client = @saved_cs_client */;

--
-- Dumping data for table `quest`
--

LOCK TABLES `quest` WRITE;
/*!40000 ALTER TABLE `quest` DISABLE KEYS */;
INSERT INTO `quest` VALUES (1,'2022-08-06 19:49:00','','2022-08-03 19:49:00',3,7,'Prepositions Quest',30,1),(3,'2022-08-08 11:56:00','','2022-08-07 11:56:00',1,7,'Test',37,1),(4,'2022-08-19 20:00:00','','2022-08-16 20:00:00',3,7,'Prepositions Review',54,24),(6,'2022-08-18 20:01:00','','2022-08-17 20:01:00',1,7,'Tester',30,1),(8,'2022-08-31 21:13:00','\0','2022-08-24 21:13:00',7,7,'A new test',37,1),(9,'2022-08-31 20:00:00','','2022-08-25 20:00:00',3,7,'preposition challenge 1',56,24),(10,'2022-08-25 17:58:00','','2022-08-24 17:58:00',1,7,'Test quest',55,1),(11,'2022-09-03 12:00:00','\0','2022-08-27 12:00:00',7,7,'Gold2 0030 Prep Challenge',57,1),(14,'2022-09-05 15:33:00','\0','2022-08-29 15:33:00',7,7,'Gold1 0033 Prep Challenge',55,1);
/*!40000 ALTER TABLE `quest` ENABLE KEYS */;
UNLOCK TABLES;

--
-- Table structure for table `quest_result`
--

DROP TABLE IF EXISTS `questresult`;
/*!40101 SET @saved_cs_client     = @@character_set_client */;
/*!40101 SET character_set_client = utf8 */;
CREATE TABLE `questresult` (
  `quest_id` bigint(20) NOT NULL,
  `result` double DEFAULT NULL,
  `result_key` varchar(255) NOT NULL,
  PRIMARY KEY (`quest_id`,`result_key`),
  CONSTRAINT `FKoh0sx03s51d1egc8tap9eeoby` FOREIGN KEY (`quest_id`) REFERENCES `quest` (`id`)
) ENGINE=InnoDB DEFAULT CHARSET=utf8mb4;
/*!40101 SET character_set_client = @saved_cs_client */;

--
-- Dumping data for table `quest_result`
--

LOCK TABLES `quest_result` WRITE;
/*!40000 ALTER TABLE `quest_result` DISABLE KEYS */;
INSERT INTO `quest_result` VALUES (1,10,'hebaja (feanor_esc@hotmail.com)');
/*!40000 ALTER TABLE `quest_result` ENABLE KEYS */;
UNLOCK TABLES;

--
-- Table structure for table `quest_subscribed_users_ids`
--

DROP TABLE IF EXISTS `quest_subscribed_users_ids`;
/*!40101 SET @saved_cs_client     = @@character_set_client */;
/*!40101 SET character_set_client = utf8 */;
CREATE TABLE `quest_subscribed_users_ids` (
  `quest_id` bigint(20) NOT NULL,
  `subscribed_users_ids` bigint(20) DEFAULT NULL,
  KEY `FKjxph5gdnrtgfr71n5l1evjhrg` (`quest_id`),
  CONSTRAINT `FKjxph5gdnrtgfr71n5l1evjhrg` FOREIGN KEY (`quest_id`) REFERENCES `quest` (`id`)
) ENGINE=InnoDB DEFAULT CHARSET=utf8mb4;
/*!40101 SET character_set_client = @saved_cs_client */;

--
-- Dumping data for table `quest_subscribed_users_ids`
--

LOCK TABLES `quest_subscribed_users_ids` WRITE;
/*!40000 ALTER TABLE `quest_subscribed_users_ids` DISABLE KEYS */;
INSERT INTO `quest_subscribed_users_ids` VALUES (1,109),(1,24),(4,111),(4,9),(4,112),(4,109),(4,113),(4,114),(8,109),(9,9),(9,111),(14,109),(14,126),(14,127),(14,128),(14,129),(14,130),(14,131),(14,132),(14,133),(14,134),(14,136),(14,137),(11,115),(11,117),(11,116),(11,118),(11,119),(11,121),(11,124),(11,122),(11,125),(11,109),(11,120),(11,138);
/*!40000 ALTER TABLE `quest_subscribed_users_ids` ENABLE KEYS */;
UNLOCK TABLES;

--
-- Table structure for table `subject`
--

DROP TABLE IF EXISTS `subject`;
/*!40101 SET @saved_cs_client     = @@character_set_client */;
/*!40101 SET character_set_client = utf8 */;
CREATE TABLE `subject` (
  `id` bigint(20) NOT NULL AUTO_INCREMENT,
  `level` varchar(255) DEFAULT NULL,
  `title` varchar(255) DEFAULT NULL,
  `user_id` bigint(20) DEFAULT NULL,
  `creation_date` datetime DEFAULT NULL,
  PRIMARY KEY (`id`),
  KEY `FK96a455takm74cb3lol4571d7a` (`user_id`),
  CONSTRAINT `FK96a455takm74cb3lol4571d7a` FOREIGN KEY (`user_id`) REFERENCES `user` (`id`)
) ENGINE=InnoDB AUTO_INCREMENT=58 DEFAULT CHARSET=utf8mb4;
/*!40101 SET character_set_client = @saved_cs_client */;

--
-- Dumping data for table `subject`
--

LOCK TABLES `subject` WRITE;
/*!40000 ALTER TABLE `subject` DISABLE KEYS */;
INSERT INTO `subject` VALUES (27,'MEDIUM','Comparative and superlative',1,'2022-08-02 19:07:00'),(28,'MEDIUM','Modals',1,'2022-08-02 19:07:00'),(29,'MEDIUM','Phrasal verbs',1,'2022-08-02 19:07:00'),(30,'MEDIUM','Prepositions',1,'2022-08-02 19:07:00'),(31,'MEDIUM','Reported speech',1,'2022-08-02 19:07:00'),(32,'MEDIUM','Second conditional',1,'2022-08-02 19:07:00'),(33,'MEDIUM','Third conditional',1,'2022-08-02 19:07:00'),(34,'MEDIUM','Adverbs',1,'2022-08-02 19:07:00'),(35,'MEDIUM','Embedded questions',1,'2022-08-02 19:07:00'),(36,'EASY','Comparative and superlative',1,'2022-08-02 19:07:00'),(37,'EASY','First conditional',1,'2022-08-02 19:07:00'),(38,'EASY','Present simple and continuous',1,'2022-08-02 19:07:00'),(39,'EASY','Present simple and perfect',1,'2022-08-02 19:07:00'),(40,'EASY','Reported speech',1,'2022-08-02 19:07:00'),(41,'EASY','Simple past',1,'2022-08-02 19:07:00'),(42,'EASY','Simple present',1,'2022-08-02 19:07:00'),(43,'EASY','Verb to be',1,'2022-08-02 19:07:00'),(44,'EASY','Going to',1,'2022-08-02 19:07:00'),(45,'HARD','Articles and determiners',1,'2022-08-02 19:07:00'),(46,'HARD','Binomials',1,'2022-08-02 19:07:00'),(47,'HARD','Collocations',1,'2022-08-02 19:07:00'),(48,'HARD','Idiomatic expressions',1,'2022-08-02 19:07:00'),(49,'HARD','Linking words',1,'2022-08-02 19:07:00'),(50,'HARD','Phrasal verbs',1,'2022-08-02 19:07:00'),(51,'HARD','Similes',1,'2022-08-02 19:07:00'),(52,'HARD','Word Formation',1,'2022-08-02 19:07:00'),(53,'EASY','When to use -ing',1,'2022-08-02 19:07:00'),(54,'MEDIUM','Preposition Challenge',24,'2022-08-16 19:24:14'),(55,'MEDIUM','Gold 1 Preposition Challenge #1',1,'2022-08-22 16:00:38'),(56,'MEDIUM','Verb/adjective + preposition ',24,'2022-08-24 22:05:51'),(57,'EASY','Gold 2 Preposition Challenge #1',1,'2022-08-27 04:15:01');
/*!40000 ALTER TABLE `subject` ENABLE KEYS */;
UNLOCK TABLES;

--
-- Table structure for table `subject_quest`
--

DROP TABLE IF EXISTS `subject_quest`;
/*!40101 SET @saved_cs_client     = @@character_set_client */;
/*!40101 SET character_set_client = utf8 */;
CREATE TABLE `subject_quest` (
  `subject_id` bigint(20) NOT NULL,
  `quest_id` bigint(20) NOT NULL,
  PRIMARY KEY (`subject_id`,`quest_id`),
  UNIQUE KEY `UK_lq5qtq471ch2pxkvhbo6bhg1n` (`quest_id`),
  CONSTRAINT `FK6lf34v0du9r39k5uuqe4xldis` FOREIGN KEY (`subject_id`) REFERENCES `subject` (`id`),
  CONSTRAINT `FKkohrlo3bkhvwl3jbpf0iwf7u1` FOREIGN KEY (`quest_id`) REFERENCES `quest` (`id`)
) ENGINE=InnoDB DEFAULT CHARSET=utf8mb4;
/*!40101 SET character_set_client = @saved_cs_client */;

--
-- Dumping data for table `subject_quest`
--

LOCK TABLES `subject_quest` WRITE;
/*!40000 ALTER TABLE `subject_quest` DISABLE KEYS */;
/*!40000 ALTER TABLE `subject_quest` ENABLE KEYS */;
UNLOCK TABLES;

--
-- Table structure for table `subject_tasks`
--

DROP TABLE IF EXISTS `subject_tasks`;
/*!40101 SET @saved_cs_client     = @@character_set_client */;
/*!40101 SET character_set_client = utf8 */;
CREATE TABLE `subject_tasks` (
  `subject_id` bigint(20) NOT NULL,
  `tasks_id` bigint(20) NOT NULL,
  UNIQUE KEY `UK_fhxgt2uqkfnrpa6msggy5mt6i` (`tasks_id`),
  KEY `FKl6cjklnd790g4vr7dlsc2tj2g` (`subject_id`),
  CONSTRAINT `FKa4bydfny5bi440xvcnbx36xa` FOREIGN KEY (`tasks_id`) REFERENCES `task` (`id`),
  CONSTRAINT `FKl6cjklnd790g4vr7dlsc2tj2g` FOREIGN KEY (`subject_id`) REFERENCES `subject` (`id`)
) ENGINE=InnoDB DEFAULT CHARSET=utf8mb4;
/*!40101 SET character_set_client = @saved_cs_client */;

--
-- Dumping data for table `subject_tasks`
--

LOCK TABLES `subject_tasks` WRITE;
/*!40000 ALTER TABLE `subject_tasks` DISABLE KEYS */;
INSERT INTO `subject_tasks` VALUES (27,477),(27,478),(27,479),(27,480),(27,481),(27,482),(27,483),(27,484),(27,485),(27,486),(27,487),(27,488),(27,489),(27,490),(27,491),(27,492),(27,493),(27,494),(27,495),(27,496),(28,497),(28,498),(28,499),(28,500),(28,501),(28,502),(28,503),(28,504),(28,505),(28,506),(28,507),(28,508),(28,509),(28,510),(28,511),(28,512),(28,513),(28,514),(28,515),(28,516),(29,517),(29,518),(29,519),(29,520),(29,521),(29,522),(29,523),(29,524),(29,525),(29,526),(29,527),(29,528),(29,529),(29,530),(29,531),(30,532),(30,533),(30,534),(30,535),(30,536),(30,537),(30,538),(30,539),(30,540),(30,541),(30,542),(30,543),(30,544),(30,545),(30,546),(30,547),(30,548),(30,549),(30,550),(30,551),(31,552),(31,553),(31,554),(31,555),(31,556),(31,557),(31,558),(31,559),(31,560),(31,561),(31,562),(31,563),(31,564),(31,565),(31,566),(31,567),(31,568),(31,569),(31,570),(31,571),(32,572),(32,573),(32,574),(32,575),(32,576),(32,577),(32,578),(32,579),(32,580),(32,581),(32,582),(32,583),(32,584),(32,585),(32,586),(32,587),(32,588),(32,589),(32,590),(32,591),(33,592),(33,593),(33,594),(33,595),(33,596),(33,597),(33,598),(33,599),(33,600),(33,601),(33,602),(33,603),(33,604),(33,605),(33,606),(33,607),(33,608),(33,609),(33,610),(33,611),(34,612),(34,613),(34,614),(34,615),(34,616),(34,617),(34,618),(34,619),(34,620),(34,621),(34,622),(35,623),(35,624),(35,625),(35,626),(35,627),(35,628),(35,629),(35,630),(35,631),(35,632),(35,633),(35,634),(35,635),(35,636),(35,637),(35,638),(35,639),(36,640),(36,641),(36,642),(36,643),(36,644),(36,645),(36,646),(36,647),(36,648),(36,649),(36,650),(36,651),(36,652),(36,653),(36,654),(36,655),(36,656),(36,657),(36,658),(36,659),(37,660),(37,661),(37,662),(37,663),(37,664),(37,665),(37,666),(37,667),(37,668),(37,669),(37,670),(37,671),(37,672),(37,673),(37,674),(37,675),(37,676),(37,677),(37,678),(37,679),(38,680),(38,681),(38,682),(38,683),(38,684),(38,685),(38,686),(38,687),(38,688),(38,689),(38,690),(38,691),(38,692),(38,693),(39,694),(39,695),(39,696),(39,697),(39,698),(39,699),(39,700),(39,701),(39,702),(39,703),(39,704),(39,705),(39,706),(39,707),(39,708),(40,709),(40,710),(40,711),(40,712),(40,713),(40,714),(40,715),(40,716),(40,717),(40,718),(40,719),(40,720),(40,721),(41,722),(41,723),(41,724),(41,725),(41,726),(41,727),(41,728),(41,729),(41,730),(41,731),(41,732),(41,733),(41,734),(41,735),(41,736),(41,737),(41,738),(41,739),(41,740),(41,741),(41,742),(41,743),(41,744),(41,745),(41,746),(41,747),(41,748),(42,749),(42,750),(42,751),(42,752),(42,753),(42,754),(42,755),(42,756),(42,757),(42,758),(42,759),(42,760),(42,761),(42,762),(42,763),(42,764),(42,765),(42,766),(42,767),(42,768),(42,769),(42,770),(42,771),(42,772),(43,773),(43,774),(43,775),(43,776),(43,777),(43,778),(43,779),(43,780),(43,781),(43,782),(43,783),(43,784),(43,785),(43,786),(43,787),(44,788),(44,789),(44,790),(44,791),(44,792),(44,793),(44,794),(44,795),(44,796),(44,797),(44,798),(44,799),(44,800),(44,801),(44,802),(44,803),(44,804),(44,805),(44,806),(44,807),(44,808),(44,809),(45,810),(45,811),(45,812),(45,813),(45,814),(45,815),(45,816),(45,817),(45,818),(45,819),(45,820),(45,821),(45,822),(45,823),(45,824),(45,825),(45,826),(45,827),(46,828),(46,829),(46,830),(46,831),(46,832),(46,833),(46,834),(46,835),(46,836),(46,837),(46,838),(46,839),(46,840),(46,841),(46,842),(46,843),(46,844),(46,845),(46,846),(46,847),(46,848),(46,849),(46,850),(46,851),(47,852),(47,853),(47,854),(47,855),(47,856),(47,857),(47,858),(47,859),(47,860),(47,861),(47,862),(47,863),(47,864),(47,865),(47,866),(48,867),(48,868),(48,869),(48,870),(48,871),(48,872),(48,873),(48,874),(48,875),(48,876),(48,877),(48,878),(48,879),(48,880),(48,881),(49,882),(49,883),(49,884),(49,885),(49,886),(49,887),(49,888),(49,889),(49,890),(49,891),(49,892),(49,893),(49,894),(49,895),(50,896),(50,897),(50,898),(50,899),(50,900),(50,901),(50,902),(50,903),(50,904),(50,905),(50,906),(50,907),(50,908),(50,909),(50,910),(50,911),(50,912),(50,913),(50,914),(50,915),(50,916),(50,917),(50,918),(50,919),(51,920),(51,921),(51,922),(51,923),(51,924),(51,925),(51,926),(51,927),(51,928),(51,929),(51,930),(51,931),(51,932),(51,933),(51,934),(52,935),(52,936),(52,937),(52,938),(52,939),(52,940),(52,941),(52,942),(52,943),(52,944),(52,945),(52,946),(52,947),(52,948),(52,949),(52,950),(52,951),(52,952),(53,953),(53,954),(53,955),(53,956),(53,957),(53,958),(53,959),(53,960),(53,961),(53,962),(53,963),(53,964),(53,965),(53,966),(53,967),(53,968),(53,969),(53,970),(53,971),(53,972),(54,973),(54,974),(54,975),(54,976),(54,977),(54,978),(54,979),(54,980),(54,981),(54,982),(54,983),(54,984),(54,985),(54,986),(54,987),(54,988),(54,989),(54,990),(54,991),(54,992),(55,993),(55,994),(55,995),(55,996),(55,997),(55,998),(55,999),(55,1000),(55,1001),(55,1002),(55,1003),(55,1004),(55,1005),(55,1006),(56,1007),(56,1008),(56,1009),(56,1010),(56,1011),(56,1012),(56,1013),(56,1014),(56,1015),(56,1016),(56,1017),(56,1018),(56,1019),(56,1020),(56,1021),(56,1022),(56,1023),(56,1024),(56,1025),(56,1026),(56,1027),(56,1028),(57,1029),(57,1030),(57,1031),(57,1032),(57,1033),(57,1034),(57,1035),(57,1036),(57,1037),(57,1038),(57,1039),(57,1040),(57,1041),(57,1042),(57,1043),(57,1044),(57,1045),(57,1046),(57,1047);
/*!40000 ALTER TABLE `subject_tasks` ENABLE KEYS */;
UNLOCK TABLES;

--
-- Table structure for table `task`
--

DROP TABLE IF EXISTS `task`;
/*!40101 SET @saved_cs_client     = @@character_set_client */;
/*!40101 SET character_set_client = utf8 */;
CREATE TABLE `task` (
  `id` bigint(20) NOT NULL AUTO_INCREMENT,
  `prompt` varchar(255) NOT NULL,
  `shuffle_options` bit(1) NOT NULL,
  `subject_id` bigint(20) DEFAULT NULL,
  PRIMARY KEY (`id`),
  KEY `FK5k22wv8pvap89p7wpo0ghs95g` (`subject_id`),
  CONSTRAINT `FK5k22wv8pvap89p7wpo0ghs95g` FOREIGN KEY (`subject_id`) REFERENCES `subject` (`id`)
) ENGINE=InnoDB AUTO_INCREMENT=1048 DEFAULT CHARSET=utf8mb4;
/*!40101 SET character_set_client = @saved_cs_client */;

--
-- Dumping data for table `task`
--

LOCK TABLES `task` WRITE;
/*!40000 ALTER TABLE `task` DISABLE KEYS */;
INSERT INTO `task` VALUES (477,'My brother used to play ___ does now.','\0',27),(478,'These sunglasses ___ than my last pair.','\0',27),(479,'He was one of __ in the world.','\0',27),(480,'I liked your hair when it ___ is now.','\0',27),(481,'This shop is ___ all.','\0',27),(482,'Suzanne was far ___ her sister.','\0',27),(483,'Travelling by train ___ travelling by car.','\0',27),(484,'Harry dressed ___ didn\'t have a girlfriend.','\0',27),(485,'That model is ___ I thought.','\0',27),(486,'The more she thought, ___ she became.','\0',27),(487,'This year\'s designer clothes ___ they did last year.','\0',27),(488,'She earned ___ last year.','\0',27),(489,'Now I can ___ than I did in the past.','\0',27),(490,'The more people worry about banks, ___.','\0',27),(491,'Making ends meet is getting ___ difficult.','\0',27),(492,'The harder the game got, the ___ .','\0',27),(493,'The course ___ I\'d expected.','\0',27),(494,'This exercise ___ the last one.','\0',27),(495,'The rainfall in London ___ in previous decades.','\0',27),(496,'The comedian ___ the audience expected.','\0',27),(497,'He ___ play tennis very well.','\0',28),(498,'___ you like another drink?','\0',28),(499,'If you travel. You ___ take your camera.','\0',28),(500,'You ___ pass the exam if you don\'t study.','\0',28),(501,'You ___ talk loudly in the library.','\0',28),(502,'___ I borrow your pen.','\0',28),(503,'Excuse me. ___ I answer the phone?','\0',28),(504,'You ___ be over 21 to buy liquor.','\0',28),(505,'It\'s late. This child ___ be in bed.','\0',28),(506,'It\'s late. My parents ___ be sleeping.','\0',28),(507,'I wish I ___ run faster.','\0',28),(508,'This time tomorrow we ___ be traveling.','\0',28),(509,'Waiter! ___ I have the menu please?','\0',28),(510,'You ___ drive so fast here.','\0',28),(511,'Children ___ drink alcohol.','\0',28),(512,'I ___ go out tonight. I have to study.','\0',28),(513,'Children ___ drink alcohol.','\0',28),(514,'Spain ___ be very hot in the summer.','\0',28),(515,'Everybody ___ eat less junk food','\0',28),(516,'You have a cold. You ___ stay home.','\0',28),(517,'The dog went for him.','\0',29),(518,'I feel for you.','\0',29),(519,'She got over her illness.','\0',29),(520,'The police looked into it.','\0',29),(521,'She came up with the solution.','\0',29),(522,'It was easy to find out the answer.','\0',29),(523,'When are we setting up the next meeting?','\0',29),(524,'You\'ll be ale ___ that book out of the library.','\0',29),(525,'We have ___ahead if we want the party to be a success.','\0',29),(526,'She didn\'t say goodbye before ___ off. She must be upset.','\0',29),(527,'He decided __ it down, although it was a good job offer.','\0',29),(528,'When I saw is awful haircut I burst ___ laughing.','\0',29),(529,'As time ___we do more damage to the environment.','\0',29),(530,'She has decided to take ___ a new hobby.','\0',29),(531,'Could you repeat? I couldn\'t ___ what you said.','\0',29),(532,'I need to concentrate ___ my homework.','\0',30),(533,'He\'s really bad ___ cooking.','\0',30),(534,'I\'ve always had difficulty ___ math.','\0',30),(535,'Mark applied ___ a scholarship.','\0',30),(536,'I\'m incapable ___ playing sports.','\0',30),(537,'They have to work ___ this project.','\0',30),(538,'I need a moment to recover ___ the shock.','\0',30),(539,'These sneakers are not suitable ___ jogging.','\0',30),(540,'This book had a profound influence ___ me.','\0',30),(541,'I\'ve always struggled ___ Physics at school.','\0',30),(542,'She asked ___ the condition of the house.','\0',30),(543,'I\'m certain ___ it.','\0',30),(544,'The hotel has the advantage ___ being cheap.','\0',30),(545,'This town is specialized ___ receiving tourists.','\0',30),(546,'The event was crowded ___ young people.','\0',30),(547,'They deserve the credit ___ planning the trip.','\0',30),(548,'She just glanced ___ the newspaper.','\0',30),(549,'We were furious ___ the hotel manager.','\0',30),(550,'Everyone was surprised ___ the low prices.','\0',30),(551,'I trust ___ your ability.','\0',30),(552,'She ___ him about the train strike.','\0',31),(553,'Helen ___ having lost my keys.','\0',31),(554,'The lawyer ___ that I should contact him.','\0',31),(555,'My mother ___ to write the letter for me.','\0',31),(556,'Carla suggested ___ you.','\0',31),(557,'Several people ___ on what good company she was.','\0',31),(558,'Emily ___ for being late','\0',31),(559,'Stella ___ us to meet her at the museum.','\0',31),(560,'Jake ___ giving up his studies.','\0',31),(561,'They ___ me for losing the match.','\0',31),(562,'She ___ me to start studying Spanish.','\0',31),(563,'My friends congratulated ___.','\0',31),(564,'My dad denied ___ those horrible curtains?','\0',31),(565,'Paul insisted ___ for dinner.','\0',31),(566,'My mom ___ her old car.','\0',31),(567,'Mary ___ some chairs.','\0',31),(568,'He ___ this song.','\0',31),(569,'She ___ Italian.','\0',31),(570,'She told the boys ___ on the grass.','\0',31),(571,'She _____ a job.','\0',31),(572,'If my grandfather were younger, he ____ so many things.','\0',32),(573,'If I ____ more money, I would buy a new car.','\0',32),(574,'If she had an umbrella, she ____ wet.','\0',32),(575,'If we ____ a car, we would get there in 30 minutes.','\0',32),(576,'I ____ more careful if I were you.','\0',32),(577,'If animals could talk, I wonder what they ____.','\0',32),(578,'If she ____ harder, she would make more money.','\0',32),(579,'If he changed jobs, he ____ much happier.','\0',32),(580,'If it wasn\'t raining, we ____ to the beach.','\0',32),(581,'You wouldn\'t feel so tired if you ____ more.','\0',32),(582,'If his nose were smaller, he ____ very handsome.','\0',32),(583,'I would come if I ____ a car.','\0',32),(584,'If she ____, she would tell him.','\0',32),(585,'If his parents didn\'t give him money, he ____ so much.','\0',32),(586,'If she ____ me, she would have told me.','\0',32),(587,'He wouldn\'t say that if he ____ it.','\0',32),(588,'I ____ on a trip around the world if I won the lottery.','\0',32),(589,'I ____ that if I were you.','\0',32),(590,'If these walls ____ thicker, we wouldn\'t hear the neighbors.','\0',32),(591,'If I were a millionaire, ____ a mansion.','\0',32),(592,'If she hadn\'t told him, he ____.','\0',33),(593,'I ____ this if you hadn\'t asked me.','\0',33),(594,'If I ____ about this, I would have told you.','\0',33),(595,'If they ____ to rest they would not have been so tired.','\0',33),(596,'I ____ that he\'s 38 years old if he hadn\'t told me.','\0',33),(597,'If I hadn\'t seen that movie, I ____ to see it with you.','\0',33),(598,'If you ____ the money that you owe me, I would have asked you.','\0',33),(599,'Thomas wouldn\'t have bought the jacket if it ____ on sale.','\0',33),(600,'If you ____ me, I wouldn\'t have known about the party.','\0',33),(601,'Tina would have called you if you ____ her your number.','\0',33),(602,'If they hadn\'t been drunk, the doorman ____.','\0',33),(603,'If you ____ your last exam, you would have graduated in May.','\0',33),(604,'She ____ this apartment if she had known it was so noisy.','\0',33),(605,'I would not ____ to see this movie if I had known how boring it was.','\0',33),(606,'If I hadn\'t lost my cellphone, I ____ you.','\0',33),(607,'If I hadn\'t driven so fast, I ____ into an accident.','\0',33),(608,'If the store ____ open, I would have bought some food.','\0',33),(609,'I ____ on time if I hadn\'t missed the bus.','\0',33),(610,'If you hadn\'t changed your hairstyle, I ____ you.','\0',33),(611,'If I ____ full, I would have eaten more.','\0',33),(612,'Adverbs can modify ___','\0',34),(613,'An adverb is a word that can tell us more about a noun.','\0',34),(614,'\'We\'ll win the game easily.\' Which is the adverb?','\0',34),(615,'\'The boys were really dirty.\' The adverb \'really\' is modifying ___','\0',34),(616,'Joyfully and slowly are adverbs that tell HOW something was done.','\0',34),(617,'Sadly, always, tomorrow, and very are NOT adverbs.','\0',34),(618,'Which sentence is NOT correct.','\0',34),(619,'Which sentence is correct.','\0',34),(620,'Which of these sentences does not contain an adverb?','\0',34),(621,'Which of these statements about adverbs is false?','\0',34),(622,'Which of these adverbs is an adverb of time?','\0',34),(623,'Do you think ___ married?','\0',35),(624,'Do you know if ___ children?','\0',35),(625,'Can you tell me if ___ to the movies?','\0',35),(626,'Do you know if he likes soccer?','\0',35),(627,'Do you think ___ a bank near here?','\0',35),(628,'Could you tell if ___ swim?','\0',35),(629,'Do you think is there anything I could do to solve it?','\0',35),(630,'Do you think there are subway stations near here?','\0',35),(631,'What do you think ___ do?','\0',35),(632,'What do you think ___ do?','\0',35),(633,'Do you think ___ a Halloween party?','\0',35),(634,'Do you know if ___ at home now?','\0',35),(635,'Do you know why ___ crying?','\0',35),(636,'Do you know how many ___?','\0',35),(637,'Does he know if ___?','\0',35),(638,'Does she know if ___ tomorrow?','\0',35),(639,'Can you tell me what ___?','\0',35),(640,'The shops are a lot ___ than usual.','\0',36),(641,'I feel much ___ since I started exercising.','\0',36),(642,'The girl is ___ than she seemed in her photo.','\0',36),(643,'The town on Sunday is ___.','\0',36),(644,'I think this sofa is ___ than the other.','\0',36),(645,'The Eiffel Tower is ___ site in France.','\0',36),(646,'She is a ___ musician than her friend.','\0',36),(647,'What is ___ river in the world?','\0',36),(648,'Which gloves are ___ ?','\0',36),(649,'My friend is much ___ than I am.','\0',36),(650,'Who is ___ politician in the Parliment?','\0',36),(651,'What is ___ painting in this Gallery?','\0',36),(652,'My car is ___ than yours.','\0',36),(653,'It was ___ thing.','\0',36),(654,'It\'s not ___  it was yesterday.','\0',36),(655,'He wasn\'t ___ I thought he would be.','\0',36),(656,'The children were ___ gold.','\0',36),(657,'The tickets were twice ___  before.','\0',36),(658,'We climbed ___ up the hill.','\0',36),(659,'What is the ___ planet from the sun?','\0',36),(660,'If you ____ greasy food, you will become fat.','\0',37),(661,'If your sister goes to Paris, she ____ a good time.','\0',37),(662,'If he ____ that, he will be sorry.','\0',37),(663,'If I leave now, I ____ in New York by 8:00 PM.','\0',37),(664,'You ____ on your test if you don\'t study.','\0',37),(665,'They won\'t know the truth if you ____ them.','\0',37),(666,'If I bake a cake, ____ have some?','\0',37),(667,'If he ____ you, will you answer the phone?','\0',37),(668,'If you don\'t go to the party, I ____ very upset.','\0',37),(669,'If you get a haircut, you ____ much better.','\0',37),(670,'If the children are noisy, I ____ them to be quiet.','\0',37),(671,'We ____ if they offer us a free meal.','\0',37),(672,'The bird ____ any closer if you keep making noise.','\0',37),(673,'If they fix my car, I ____ to Arizona.','\0',37),(674,'You will break it if ____ banging it against the floor.','\0',37),(675,'If I ____ him adopt the kitten, he will be very sad.','\0',37),(676,'If I give you a letter, ____ mail it for me?','\0',37),(677,'Will you fix the door if I ____ the right tools?','\0',37),(678,'If the weather doesn\'t get cooler, I ____ an air conditioner.','\0',37),(679,'I will wash the dishes if you ________ the bathroom.','\0',37),(680,'Most mornings my ___ for work at 7.30','\0',38),(681,'I ___ for work earlier this week.','\0',38),(682,'Steve ___ guitar for a local group. ','\0',38),(683,'Sshh, I ___ to the news.','\0',38),(684,'I ___ gym whenever I get the chance.','\0',38),(685,'I ___ a good book at the moment.','\0',38),(686,'My daughter ___ words to that song.','\0',38),(687,'I ___ up for school in the mornings.','\0',38),(688,'How are you? I ___ you are well.','\0',38),(689,'I ___ in an office in London now.','\0',38),(690,'I really ___ the people here.','\0',38),(691,'Susan ___ me for lunch later.','\0',38),(692,'___ anything later?','\0',38),(693,'I ___ my gandma next Sunday.','\0',38),(694,'I started my English course 3 weeks ago.','\0',39),(695,'I haven\'t seen John since Friday.','\0',39),(696,'The last time Claire went on holiday was five years ago.','\0',39),(697,'Marie has been married for seven months.','\0',39),(698,'Do you know what score you got in the test?','\0',39),(699,'I watched one film this morning and one this afternoon.','\0',39),(700,'I ___ you for a long time.','\0',39),(701,'Jane ___ her car two weeks ago.','\0',39),(702,'We ___ in England last summer.','\0',39),(703,'We ___ here since five o’clock.','\0',39),(704,'This is the first time she ___ a car.','\0',39),(705,'John ___ to Paris two days ago.','\0',39),(706,'I ___ finished my letter yet.','\0',39),(707,'I ___ home late last night.','\0',39),(708,'This is the easiest quiz I ___ in my life.','\0',39),(709,'\"I\'ve left some food in the pot\", said Sue.','\0',40),(710,'\"I\'ll ask Andrew to give me a lift\", said Anna.','\0',40),(711,'\"I finish work early today\", said Anna.','\0',40),(712,'\"I booked the tickets this morning\", said Claire.','\0',40),(713,'\"I\'ll try to be there on time\", said Louisa.','\0',40),(714,'\"The car has broken down\", said Steve.','\0',40),(715,'\"I\'ll be at work till late tonight\", said Gill.','\0',40),(716,'\"I don\'t eat fish\", said Corinne.','\0',40),(717,'\"I broke the mirror\", said Miguel.','\0',40),(718,'\"I\'ve passed my English exam\", said Carl.','\0',40),(719,'\"I am going to the cinema this evening\", said Kim.','\0',40),(720,'\"I\'ll pay the bill today\", said Kathy.','\0',40),(721,'\"I\'ll leave tomorrow\", said Hellen.','\0',40),(722,'Last year I ___ my holiday in Ireland.','\0',41),(723,'The party ___ great yesterday.','\0',41),(724,'I ___ around by car with two friends.','\0',41),(725,'In the evenings we ___ to a pub.','\0',41),(726,'One night we even ___ some Irish dances.','\0',41),(727,'We ___ very lucky with the weather.','\0',41),(728,'It ___ a lot last weekend.','\0',41),(729,'But we ___ some beautiful rainbows.','\0',41),(730,'Where ___ your last holiday?','\0',41),(731,'Where ___ when you were young?','\0',41),(732,'She ___ French at university.','\0',41),(733,'___ the Louvre in Paris?','\0',41),(734,'She ___ TV yesterday.','\0',41),(735,'We ___ a new car last weekend.','\0',41),(736,'Where ___ before you came here?','\0',41),(737,'He ___ that he was right.','\0',41),(738,'I ___ steak last night.','\0',41),(739,'___ \'War and Peace\' at school?','\0',41),(740,'She ___ to her grandmother.','\0',41),(741,'We ___ a computer when I was a child.','\0',41),(742,'Where ___ last holiday?','\0',41),(743,'I ___ ice cream when I was a child.','\0',41),(744,'They ___ yesterday.','\0',41),(745,'___ in the sea in Greece?','\0',41),(746,'We ___ tennis yesterday because it was raining.','\0',41),(747,'He ___ to lift the box but he couldn\'t.','\0',41),(748,'What ___ for lunch?','\0',41),(749,'They ___ us often.','\0',42),(750,'You ___ basketball once a week.','\0',42),(751,'Tom ___ every day.','\0',42),(752,'He always ___ us funny stories.','\0',42),(753,'She never ___ homework!','\0',42),(754,'In this club people usually ___ a lot.','\0',42),(755,'Linda ___ of her sister.','\0',42),(756,'I ___ cookies twice a month.','\0',42),(757,'He ___ to the movies once a month.','\0',42),(758,'Rebecca ___ coffee.','\0',42),(759,'We ___ jeans.','\0',42),(760,'These boys ___ golf.','\0',42),(761,'I ___ Italian.','\0',42),(762,'Your brother ___ smile.','\0',42),(763,'This car ___ run fast.','\0',42),(764,'Linda and I ___ work today.','\0',42),(765,'___ I sing well?','\0',42),(766,'___ you play football?','\0',42),(767,'___ he read books?','\0',42),(768,'___ she speak English?','\0',42),(769,'___ it look good?','\0',42),(770,'___ they go to school?','\0',42),(771,'___ your teacher live in London?','\0',42),(772,'___ dogs like cats?','\0',42),(773,'Hello. My name ___ John.','\0',43),(774,'Which city ___ you from?','\0',43),(775,'Hi. ___ you American?','\0',43),(776,'Peter ___ the tallest boy in class.','\0',43),(777,'What time ___ it?','\0',43),(778,'I ___ Italian.','\0',43),(779,'When will the party ___?','\0',43),(780,'What ___ New York like?','\0',43),(781,'Sean and Anna ___ 20 years old.','\0',43),(782,'I am going to ___ there.','\0',43),(783,'I hope there ___ no snow tomorrow.','\0',43),(784,'There ___ many stores in this little village.','\0',43),(785,'___ there a market in this town?','\0',43),(786,'___ there flowers in the park?','\0',43),(787,'There will ___ a party tomorrow.','\0',43),(788,'I ___ to watch a film.','\0',44),(789,'She ___ to go to a party.','\0',44),(790,'You ___ to visit your grandparents.','\0',44),(791,'He ___ to study this Friday.','\0',44),(792,'It ___ to be awesome!','\0',44),(793,'We ___ to play videogames.','\0',44),(794,'They ___ to visit their friends','\0',44),(795,'___ to have a party?','\0',44),(796,'___ to play volleyball?','\0',44),(797,'___ to be funnny?','\0',44),(798,'___ to play RPG?','\0',44),(799,'___ to study tonight?','\0',44),(800,'I ___ to watch series.','\0',44),(801,'You ___ to have a surprise party.','\0',44),(802,'She ___ to play basketball.','\0',44),(803,'He ___ to study English today.','\0',44),(804,'We ___ to go to the party.','\0',44),(805,'They ___ to go to the mall.','\0',44),(806,'Susan ___ to take the exam.','\0',44),(807,'John and Carol ___ to love the present.','\0',44),(808,'What ___ to do tonight?','\0',44),(809,'What ___ to do tomorrow?','\0',44),(810,'That\'s the very ___ offer after losing the book.','\0',45),(811,'___ as I hate to do this, we\'ll have to cancel the party.','\0',45),(812,'Above ___ her priority is to finish her degree course.','\0',45),(813,'Paul doesn\'t have many friends, just a select ___.','\0',45),(814,'___ way, they\'re going to close the deal.','\0',45),(815,'Polo is a sport that is associated with ___ rich and powerful.','\0',45),(816,'There was ___ a time when I had to help him.','\0',45),(817,'I\'ve had ___ of his complaints.','\0',45),(818,'We had many candidates, but ___ was good for the position.','\0',45),(819,'That country has two official languages, but ___ is English.','\0',45),(820,'They cost 2 dollars ___.','\0',45),(821,'___ argument could move ___ man from this decision.','\0',45),(822,'___ Peter ___ Michael often come here but ___ of them help us.','\0',45),(823,'He gave ___ of us advice about our present goals.','\0',45),(824,'___ players played well; In fact they ___ played quite badly.','\0',45),(825,'There were ___ on the beach, so we weren\'t completely alone.','\0',45),(826,'___ them were tired, because ___ them had slept well.','\0',45),(827,'We should have a check up with the dentist ___ six months.','\0',45),(828,'The project has progressed in ___ and starts.','\0',46),(829,'The strike at the bank left clients high ___.','\0',46),(830,'The rank and ___ are against the new rules.','\0',46),(831,'Every ___ cranny of his place is full of ornaments.','\0',46),(832,'The contract will be ___ and void until signed.','\0',46),(833,'The gadged has suffered a normal amount of ___.','\0',46),(834,'They ___ and saved all year to pay for the trip.','\0',46),(835,'Steve won the bet fair and ___.','\0',46),(836,'I\'m alone at home. Now I can have some peace ___.','\0',46),(837,'There are all the other bits ___ in a wedding.','\0',46),(838,'I\'m reading a book about the life ___ Churchill.','\0',46),(839,'After the war there was a serious breakdown ___.','\0',46),(840,'I\'ll go and get some fish and ___.','\0',46),(841,'I love the hustle and ___ of city life.','\0',46),(842,'Marriage is wonderful, but it also has its trials ___.','\0',46),(843,'The ups and ___ of life are similar all over the world.','\0',46),(844,'I don\'t know all the ___ and outs of the case.','\0',46),(845,'The workers have so many ___ we couldn\'t change anything.','\0',46),(846,'It was, by and ___, an unexceptional presentation.','\0',46),(847,'He was six feet tall, give or ___.','\0',46),(848,'Regular maintenance is part and ___ of owning a car.','\0',46),(849,'All kids are back home safe and ___.','\0',46),(850,'The staff meeting was short and ___ today.','\0',46),(851,'The ___ of the tide causes erosion of the coastline.','\0',46),(852,'Both fighters fought hard and showed ___.','\0',47),(853,'Our 25th wedding anniversary is an ___ .','\0',47),(854,'___, we need to put aside ₤4,000 for the party.','\0',47),(855,'We ___ lifestyle as we were unemployed.','\0',47),(856,'The car screeched ___ and two men jumped out.','\0',47),(857,'Since they had a fight at school, they ___.','\0',47),(858,'I\'d been in ___ with toothache all weekend.','\0',47),(859,'I was ___ his incompetence to my manager.','\0',47),(860,'He ___ but only by working 72 hours a week.','\0',47),(861,'Workers at the plant are threatening ___.','\0',47),(862,'After school he ___ errands for his father.','\0',47),(863,'His leaving the company comes ___ to me.','\0',47),(864,'In my first week in charge everything ___.','\0',47),(865,'___ do you expect to see in the next decade?','\0',47),(866,'After ___ , we decided not to go through with it.','\0',47),(867,'Losing the bet felt like a kick in the ___.','\0',48),(868,'Enough! I am at the end of my ___.','\0',48),(869,'You have some ___ for thought for next class.','\0',48),(870,'I went ___ , and you never you thanked me!','\0',48),(871,'He fought for 5 rounds. He\'s no ___ chicken.','\0',48),(872,'He\'ll argue till he\'s ___ in the face.','\0',48),(873,'His grandchildren have given him ___ life.','\0',48),(874,'Are they still arguing? They really ___!','\0',48),(875,'Finishing in time was ___ but we did it.','\0',48),(876,'The way kids behave in this school is ___.','\0',48),(877,'Be patient, tolerant and ___ your time.','\0',48),(878,'Sorry, but sometimes I fly ___ the handle.','\0',48),(879,'Are starting to ___ about the wedding?','\0',48),(880,'Are you sure they\'re brothers? They\'re ___ .','\0',48),(881,'That\'s impossible to happen! maybe ___ .','\0',48),(882,'I am a vegetarian, ___ my whole family eats meat.','\0',49),(883,'You can post that letter ___ you\'re going past the post office.','\0',49),(884,'I\'ll be there, ___ I may be late.','\0',49),(885,'Even ___ they played badly they still won quite easily.','\0',49),(886,'He looks qualified for the job. ___ he\'s fluent in Spanish.','\0',49),(887,'I don\'t want to go and ___, I haven\'t been invited.','\0',49),(888,'He was very tired; ___ he went on walking.','\0',49),(889,'___ the rain, we still went to the park.','\0',49),(890,'The mirror was curved, ___ it made objects look farther.','\0',49),(891,'Texting while driving is dangerous, ___, it is also illegal. ','\0',49),(892,'His face is serious but ___ very friendly.','\0',49),(893,'John bought the watch, ___ the fact that it was expensive.','\0',49),(894,'He\'s an acclaimed painter who is ___ a sculptor.','\0',49),(895,'It was early, ___ we were all ready for bed after our long hike.','\0',49),(896,'She hadn\'t bargained for this.','\0',50),(897,'It suddenly dawned on her.','\0',50),(898,'They talked it over.','\0',50),(899,'She did up her laces.','\0',50),(900,'He called on her.','\0',50),(901,'She made for the living room.','\0',50),(902,'He launched into a long speech.','\0',50),(903,'He takes after his mother.','\0',50),(904,'He pointed out the mall would be closed.','\0',50),(905,'Who\'s going to take on the new client?','\0',50),(906,'He will not back down on his decision.','\0',50),(907,'Book in at the reception.','\0',50),(908,'The team have been ___ at developing the software.','\0',50),(909,'Britain ___ the rest of Europe on this issue.','\0',50),(910,'he comes home ___ fried food from the restaurant.','\0',50),(911,'It took me a while to ___ of spicy food.','\0',50),(912,'They tried to goad us ___ attacking the police.','\0',50),(913,'Both countries are trying to ___ the cease-fire.','\0',50),(914,'I managed to ___ my exams get good grades.','\0',50),(915,'Growth in the economy may have ___ out.','\0',50),(916,'The sound of his footsteps gradually died ___.','\0',50),(917,'Let’s ___ this meeting, it’s time for lunch.','\0',50),(918,'I mistook a piece of rope ___ a snake.','\0',50),(919,'I can\'t piece together the truth about it.','\0',50),(920,'You guys are going to stand out like ___ thumb.','\0',51),(921,'My joke about the alcoholic went down like a lead ___.','\0',51),(922,'His father always smoked like a ___.','\0',51),(923,'Our teacher at school used to have eyes like ____.','\0',51),(924,'The country is safe as ___ for visitors.','\0',51),(925,'Physically John is as ___ as nails.','\0',51),(926,'The film was as ___ as dishwater and we decided to leave.','\0',51),(927,'We\'ll need to make sure the car is as ___ as a whistle.','\0',51),(928,'Today I can\'t. I\'m as busy as ___.','\0',51),(929,'If you go to the gym everyday. You\'ll be as strong as ___.','\0',51),(930,'That was a hard class. His explanation was as clear ___.','\0',51),(931,'For me, watching a soccer match is like watching grass ___.','\0',51),(932,'Don\'t just sit there like a bump on a ___.','\0',51),(933,'She is tall and thin as a ___.','\0',51),(934,'She walked in as cool ___, as if nothing had happened.','\0',51),(935,'She looked nervous, ___ her lips.','\0',52),(936,'This new water cooler is to ___ the drinking water.','\0',52),(937,'The directive has the aim of ___ work practices.','\0',52),(938,'She was taking drugs, her eye pupils were so ___.','\0',52),(939,'Several world-renowned ___ addressed the conference.','\0',52),(940,'The patient had several ___ of the brain.','\0',52),(941,'She struggled along with an ___ of clothes.','\0',52),(942,'The computer system requires several ___ checks.','\0',52),(943,'He was longing for the ___ of his father.','\0',52),(944,'She frowned at Jackson ___.','\0',52),(945,'It truly is an epic tale, ___ one of the best.','\0',52),(946,'They are revised by statutory ___ committees.','\0',52),(947,'They weren\'t expecting for the ___ of the troops.','\0',52),(948,'I\'m pushing you to ___ your perspective.','\0',52),(949,'we aim for the ___ of the whole community.','\0',52),(950,'Putting out wildfires is a very  job.','\0',52),(951,'I think he behaved ___ towards you.','\0',52),(952,'The decision does seem a little ___.','\0',52),(953,'She ___ to school everyday.','',53),(954,'I ___ a grammar exercise now.','',53),(955,'She usually ___ to Miami on vacation.','',53),(956,'I never ___ physical exercises.','',53),(957,'___ exercises everyday is very important.','',53),(958,'We love ___ pizza on weekends.','',53),(959,'The shop always ___ at 9:00.','',53),(960,'This movie is so ___!','',53),(961,'___ too fast is dangerous.','',53),(962,'I took her to her ___ lessons.','',53),(963,'Calm down. You ___ too fast!','',53),(964,'I ___ twice a week.','',53),(965,'I love ___.','\0',53),(966,'My dad ___ his car now.','',53),(967,'Today, the students ___ in the canteen.','',53),(968,'John rarely ___ the country.','',53),(969,'She never ___ me with that!','',53),(970,'His economics class is ___.','',53),(971,'___ is good for you.','',53),(972,'They hate ___ homework.','',53),(973,'I trust ___ your ability.','\0',54),(974,'Everyone was surprised ___ the low prices.','\0',54),(975,'We were furious ___ the hotel manager.','\0',54),(976,'She just glanced ___ the newspaper.','\0',54),(977,'They deserve the credit ___ planning the trip.','\0',54),(978,'The event was crowded ___ young people.','\0',54),(979,'This town is specialized ___ receiving tourists.','\0',54),(980,'The hotel has the advantage ___ being cheap.','\0',54),(981,'I\'m certain ___ it.','\0',54),(982,'She asked ___ the condition of the house.','\0',54),(983,'I need to concentrate ___ my homework.','\0',54),(984,'He\'s really bad ___ cooking.','\0',54),(985,'I\'ve always had difficulty ___ math.','\0',54),(986,'Mark applied ___ a scholarship.','\0',54),(987,'I\'m incapable ___ playing sports.','\0',54),(988,'They have to work ___ this project.','\0',54),(989,'I need a moment to recover ___ the shock.','\0',54),(990,'These sneakers are not suitable ___ jogging.','\0',54),(991,'This book had a profound influence ___ me.','\0',54),(992,'I\'ve always struggled ___ Physics at school.','\0',54),(993,'Don\'t be ashamed ___ your little brother\'s behavior.','\0',55),(994,'I\'m so angry ___ you now!','\0',55),(995,'He\'s crazy ___ his girlfriend.','\0',55),(996,'He is not very familiar ___ the weather in Brazil.','\0',55),(997,'You need to apologize ___ that.','\0',55),(998,'My father doesn\'t aprove ___ the idea.','\0',55),(999,'We do not need to argue ___ them.','\0',55),(1000,'I\'ve always cared ___ my children.','\0',55),(1001,'Teenagers complain ___ everything.','\0',55),(1002,'The snow contrasts ___ the green of trees.','\0',55),(1003,'They totally disagree ___ us.','\0',55),(1004,'My mother is disappointed ___ me because I failed the exam.','\0',55),(1005,'It was so good ___ you to help me. Thanks!','\0',55),(1006,'Please. Don\'t be upset ___ me because of that.','\0',55),(1007,' I disagree ___ you completely . ','\0',56),(1008,'Dana\'s cheery attitude really contrasts ___ the gloom of her brother Peter . ','\0',56),(1009,'We thought for a while about buying a large house , but we\'ve decided ___ it , at least for the present.','\0',56),(1010,'We haven\'t yet been able to decide ___ a name for the baby. ','\0',56),(1011,'I have to apologize ___ the way my family treated you','\0',56),(1012,'I have to apologize ___ my parents for disrespecting them . ','\0',56),(1013,'My mother doesn\'t approve ___ children wearing makeup .','\0',56),(1014,'The boys argued ___ which bus to take . ','\0',56),(1015,' I won\'t argue ___ you; I can see your mind\'s made up already. ','\0',56),(1016,'My oldest son doesn\'t care ___ anything except online gaming.','\0',56),(1017,'I\'m glad I cared ___ my elderly father . I hope my kids do the same for me .','\0',56),(1018,'These kids in my class are terrible , and the worst part is that I cannot complain ___ their parents . ','\0',56),(1019,'My teenage daughter is always complaining ___ everything ','\0',56),(1020,'Her parents wouldn\'t consent ___ her marriage to a man almost twice her age','\0',56),(1021,'My parents were really upset ___ the fight we had last night. I\'d better go and talk to them.','\0',56),(1022,'Mother is still upset ___ me. She says it\'s OK, but I can tell by the look in her eyes','\0',56),(1023,'My mother was very ashamed ___ my father\'s behavior during the party . ','\0',56),(1024,'1 suppose I\'m not very familiar ___ the things my son enjoys . ','\0',56),(1025,'Take these vitamins . They are good ___ you','\0',56),(1026,' It was good ___ you to come. We could really use the help . ','\0',56),(1027,'I\'m afraid I\'ve never been very good ___ taking care of children.','\0',56),(1028,'I feel sorry ___ her. Divorces can be very tough on the children.','\0',56),(1029,'I have the bad habit ___ forgetting people\'s birthdays.','\0',57),(1030,'Apparently he was immune ___ germs.','\0',57),(1031,'I\'m just terrible ___ playing rugby.','\0',57),(1032,'Mark is skillful ___ playing cards.','\0',57),(1033,'It\'s the worst thing that people can inflict ___ others.','\0',57),(1034,'Lots of people suffer ___ this problem.','\0',57),(1035,'How did you react ___ what happened?','\0',57),(1036,'They must make use ___ their strength.','\0',57),(1037,'This book has a big influence ___ people.','\0',57),(1038,'I have to concentrate ___ my work.','\0',57),(1039,'Don\'t impose your belief ___ me.','\0',57),(1040,'She applied ___ that job.','\0',57),(1041,'he spent the last years in a struggle ___ poverty.','\0',57),(1042,'I\'m really bad ___ math.','\0',57),(1043,'I don\'t think he\'s qualified ___ this position.','\0',57),(1044,'We are capable ___ doing this task.','\0',57),(1045,'The sector is limited ___ manufacturing activities.','\0',57),(1046,'They have experience ___ cooking.','\0',57),(1047,'We need to find the cure ___ that disease.','\0',57);
/*!40000 ALTER TABLE `task` ENABLE KEYS */;
UNLOCK TABLES;

--
-- Table structure for table `task_options`
--

DROP TABLE IF EXISTS `task_options`;
/*!40101 SET @saved_cs_client     = @@character_set_client */;
/*!40101 SET character_set_client = utf8 */;
CREATE TABLE `task_options` (
  `task_id` bigint(20) NOT NULL,
  `correct` tinyint(1) DEFAULT NULL,
  `prompt` varchar(255) DEFAULT NULL,
  KEY `FKrqu4rijqqomv7k2sib9pd79ob` (`task_id`),
  CONSTRAINT `FKrqu4rijqqomv7k2sib9pd79ob` FOREIGN KEY (`task_id`) REFERENCES `task` (`id`)
) ENGINE=InnoDB DEFAULT CHARSET=utf8mb4;
/*!40101 SET character_set_client = @saved_cs_client */;

--
-- Dumping data for table `task_options`
--

LOCK TABLES `task_options` WRITE;
/*!40000 ALTER TABLE `task_options` DISABLE KEYS */;
INSERT INTO `task_options` VALUES (477,0,'tennis best than him'),(477,1,'tennis better than he'),(477,0,'tennis better then him'),(478,0,'were a bit more cheap'),(478,0,'were a bit cheapest'),(478,1,'were a bit cheaper'),(479,0,'more talented than designers'),(479,1,'the most talented designers'),(479,0,'the most talent design'),(480,1,'wasn\'t as straight as it'),(480,0,'wasn\'t more straight as it'),(480,0,'wasn\'t less straighter as it'),(481,0,'the more expensive of'),(481,1,'the least expensive of'),(481,0,'the most expensiver of'),(482,0,'elegantlier dressed than'),(482,0,'the most elegantly dressed than'),(482,1,'more elegantly dressed than'),(483,0,'is a more faster than'),(483,0,'is the fastest than'),(483,1,'is a lot quicker than'),(484,1,'less smartly when he'),(484,0,'more smarter when he'),(484,0,'less smartly than he'),(485,1,'not as old as'),(485,0,'not as older as'),(485,0,'not as old than'),(486,0,'the most concerned'),(486,1,'the more concerned'),(486,0,'the more concerned than'),(487,1,'have sold slightly less well than'),(487,0,'have sold slightly most well than'),(487,0,'have sold slightly least well than'),(488,0,'as much than me'),(488,1,'as much as me'),(488,0,'as more as me'),(489,0,'save a good deal the most'),(489,0,'save a good deal most'),(489,1,'save a good deal more'),(490,0,'the most they use cash'),(490,0,'they use cash more'),(490,1,'the more they use cash'),(491,1,'more and more'),(491,0,'the most'),(491,0,'most than'),(492,0,'least interested in it I was'),(492,1,'less interested in it I was'),(492,0,'more interesting in it I was'),(493,0,'as difficult than'),(493,0,'less difficult as'),(493,1,'more difficult than'),(494,0,'is as hard than'),(494,1,'is not as hard as'),(494,0,'is not as harder as'),(495,1,'has been considerably higher than'),(495,0,'has been considerably highest'),(495,0,'has been considerably highest than'),(496,0,'was more nearly funny'),(496,0,'wasn\'t as nearly funny than'),(496,1,'wasn\'t nearly as funny as'),(497,1,'can'),(497,0,'must'),(497,0,'should'),(498,0,'Could'),(498,0,'Should'),(498,1,'Would'),(499,0,'must'),(499,1,'should'),(499,0,'ought to'),(500,1,'won\'t'),(500,0,'wouldn\'t'),(500,0,'mustn\'t'),(501,0,'couldn\'t'),(501,1,'mustn\'t'),(501,0,'wouldn\'t'),(502,0,'Must'),(502,0,'Will'),(502,1,'Shall'),(503,0,'Will'),(503,0,'Would'),(503,1,'May'),(504,1,'must'),(504,0,'may'),(504,0,'should'),(505,1,'ought to'),(505,0,'could'),(505,0,'will'),(506,0,'shall'),(506,1,'might'),(506,0,'would'),(507,1,'could'),(507,0,'would'),(507,0,'ought to'),(508,1,'will'),(508,0,'can\'t'),(508,0,'might'),(509,0,'Must'),(509,0,'Should'),(509,1,'Could'),(510,0,'couldn\'t'),(510,0,'wouldn\'t'),(510,1,'shouldn\'t'),(511,1,'mustn\'t'),(511,0,'wouldn\'t'),(511,0,'won\'t'),(512,1,'won\'t'),(512,0,'wouldn\'t'),(512,0,'couldn\'t'),(513,1,'mustn\'t'),(513,0,'wouldn\'t'),(513,0,'won\'t'),(514,0,'could'),(514,1,'can'),(514,0,'should'),(515,1,'should'),(515,0,'can'),(515,0,'might'),(516,0,'may'),(516,0,'could'),(516,1,'should'),(517,0,'The dog barked at him.'),(517,1,'The dog attacked him.'),(517,0,'The dog followed him.'),(518,0,'I am fond of you.'),(518,0,'I pity you.'),(518,1,'I sympathize for you.'),(519,0,'She learned from her ilness.'),(519,0,'She died from her ilness.'),(519,1,'She recovered from her illness.'),(520,0,'The police didn\'t care about it.'),(520,1,'The police investigated it.'),(520,0,'The police looked inside it.'),(521,0,'She refused the solution.'),(521,1,'She thought of the solution.'),(521,0,'She couldn\'t understand the solution.'),(522,0,'It was easy to forget the answer.'),(522,0,'It was easy to share the answer.'),(522,1,'It was easy to discover the answer.'),(523,0,'When are we recording the next meeting?'),(523,1,'When are we arranging the next meeting?'),(523,0,'When are we beginning the next meeting?'),(524,1,'to take'),(524,0,'to bring'),(524,0,'to move'),(525,0,'to go'),(525,1,'to plan'),(525,0,'to push'),(526,0,'she switched'),(526,0,'she cut'),(526,1,'she rang'),(527,1,'to turn'),(527,0,'to pass'),(527,0,'to take'),(528,0,'into'),(528,1,'burst'),(528,0,'in'),(529,0,'goes beyond'),(529,0,'goes forward'),(529,1,'goes by'),(530,1,'up'),(530,0,'over'),(530,0,'on'),(531,0,'make up'),(531,1,'make out'),(531,0,'make over'),(532,0,'at'),(532,1,'on'),(532,0,'of'),(533,1,'at'),(533,0,'for'),(533,0,'with'),(534,0,'against'),(534,0,'from'),(534,1,'with'),(535,1,'for'),(535,0,'on'),(535,0,'to'),(536,0,'to'),(536,0,'about'),(536,1,'of'),(537,0,'at'),(537,1,'on'),(537,0,'with'),(538,1,'from'),(538,0,'about'),(538,0,'against'),(539,0,'at'),(539,1,'for'),(539,0,'of'),(540,0,'at'),(540,0,'for'),(540,1,'on'),(541,1,'with'),(541,0,'on'),(541,0,'about'),(542,1,'about'),(542,0,'on'),(542,0,'in'),(543,0,'at'),(543,1,'about'),(543,0,'in'),(544,0,'at'),(544,0,'on'),(544,1,'of'),(545,1,'in'),(545,0,'on'),(545,0,'about'),(546,0,'in'),(546,0,'on'),(546,1,'with'),(547,0,'with'),(547,1,'for'),(547,0,'of'),(548,1,'at'),(548,0,'on'),(548,0,'of'),(549,1,'with'),(549,0,'against'),(549,0,'about'),(550,1,'at'),(550,0,'in'),(550,0,'of'),(551,0,'at'),(551,0,'on'),(551,1,'in'),(552,1,'warned'),(552,0,'complained'),(552,0,'regretted'),(553,0,'discussed'),(553,0,'suggested'),(553,1,'adimitted'),(554,0,'offered'),(554,1,'insisted'),(554,0,'denied'),(555,1,'agreed'),(555,0,'discussed'),(555,0,'commented'),(556,1,'that I text'),(556,0,'I texting'),(556,0,'me to text'),(557,0,'warned'),(557,0,'recommended'),(557,1,'agreed'),(558,0,'confessed'),(558,0,'accused'),(558,1,'apologized'),(559,1,'reminded'),(559,0,'insisted'),(559,0,'suggested'),(560,1,'regretted'),(560,0,'blamed'),(560,0,'congratulated'),(561,0,'told'),(561,1,'blamed'),(561,0,'advise'),(562,1,'encouraged'),(562,0,'admitted'),(562,0,'insisted'),(563,1,'me on my new car'),(563,0,'on my new car'),(563,0,'my new car'),(564,0,'to buy'),(564,0,'buy'),(564,1,'buying'),(565,0,'to paying'),(565,0,'paying'),(565,1,'on paying'),(566,1,'offered me'),(566,0,'offered'),(566,0,'to offer'),(567,1,'asked me to pick up'),(567,0,'asked picking up'),(567,0,'asked I pick up'),(568,1,'said he liked'),(568,0,'told he like'),(568,0,'said liking'),(569,0,'confessed not to speak'),(569,1,'confessed she didn\'t speak'),(569,0,'confessed she didn\'t speaking'),(570,1,'not to play'),(570,0,'don\'t play'),(570,0,'not play'),(571,0,'told to find'),(571,0,'said me to find'),(571,1,'told me to find'),(572,1,'wouldn\'t forget'),(572,0,'didn\'t forget'),(572,0,'fotgot'),(573,0,'would have'),(573,1,'had'),(573,0,'wouldn\'t have'),(574,0,'got'),(574,0,'didn\'t get'),(574,1,'wouldn\'t get'),(575,1,'had'),(575,0,'would have'),(575,0,'wouldn\'t have'),(576,0,'was'),(576,1,'would be'),(576,0,'were'),(577,0,'said'),(577,0,'say'),(577,1,'would say'),(578,1,'worked'),(578,0,'will work'),(578,0,'would work'),(579,0,'will be'),(579,1,'would be'),(579,0,'were'),(580,0,'went'),(580,0,'didn\'t go'),(580,1,'would go'),(581,1,'slept'),(581,0,'will sleep'),(581,0,'would sleep'),(582,0,'were'),(582,1,'would be'),(582,0,'was'),(583,0,'would have'),(583,0,'wouldn\'t have'),(583,1,'had'),(584,1,'knew'),(584,0,'knows'),(584,0,'know'),(585,0,'went out'),(585,1,'wouldn\'t go out'),(585,0,'didn\'t go out'),(586,0,'will believe'),(586,0,'wouldn\'t believe'),(586,1,'didn\'t believe'),(587,1,'didn\'t mean'),(587,0,'wouldn\'t mean'),(587,0,'means'),(588,0,'go'),(588,1,'would go'),(588,0,'went'),(589,0,'didn\'t do'),(589,0,'did'),(589,1,'would not do'),(590,1,'were'),(590,0,'would be'),(590,0,'was'),(591,0,'I didn\'t buy'),(591,1,'I\'d buy'),(591,0,'I\'m going to buy'),(592,1,'would have never found out'),(592,0,'will never find out'),(592,0,'would never find out'),(593,0,'didn\'t do'),(593,1,'would never have done'),(593,0,'wouldn\'t do'),(594,0,'know'),(594,0,'knew'),(594,1,'had known'),(595,1,'had stopped'),(595,0,'have stopped'),(595,0,'didn\'t stop'),(596,0,'would never guess'),(596,1,'wouldn\'t have guessed'),(596,0,'didn\'t guess'),(597,0,'would go'),(597,0,'would gone'),(597,1,'would have gone'),(598,1,'had returned'),(598,0,'returned'),(598,0,'have returned'),(599,0,'wasn\'t'),(599,1,'hadn\'t been'),(599,0,'wouldn\'t be'),(600,0,'haven\'t called'),(600,0,'didn\'t call'),(600,1,'hadn\'t called'),(601,1,'had given'),(601,0,'would give'),(601,0,'didn\'t give'),(602,0,'has let them in'),(602,1,'would have let them in'),(602,0,'had let them in'),(603,0,'wouldn\'t have failed'),(603,0,'hadn\'t failed'),(603,1,'have not failed'),(604,1,'wouldn\'t have rented'),(604,0,'did not rent'),(604,0,'had rented'),(605,0,'go'),(605,1,'have gone'),(605,0,'had gone'),(606,0,'had called'),(606,0,'would call'),(606,1,'would have called'),(607,1,'would not have gotten'),(607,0,'would not get'),(607,0,'hadn\'t gotten'),(608,0,'would be'),(608,1,'had been'),(608,0,'was'),(609,0,'had been'),(609,0,'have been'),(609,1,'would have been'),(610,1,'would have recognized'),(610,0,'had recognized'),(610,0,'would recognize'),(611,0,'would not have been'),(611,1,'hadn\'t been'),(611,0,'would be'),(612,1,'adjectives and other adverbs.'),(612,0,'pronouns and other nouns.'),(613,0,'true'),(613,1,'false'),(614,0,'will'),(614,0,'win'),(614,0,'game'),(614,1,'easily'),(615,1,'an adjective'),(615,0,'a verb'),(615,0,'a noun'),(615,0,'an article'),(616,1,'true'),(616,0,'false'),(617,0,'true'),(617,1,'false'),(618,0,'They ran quickly.'),(618,0,'The boys slept heavily.'),(618,0,'She dances well.'),(618,0,'He runs fast.'),(618,1,'We worked hardly.'),(619,0,'She talks friendly.'),(619,0,'I am quietly.'),(619,0,'That smells well.'),(619,1,'You sang that song nicely.'),(619,0,'This sounds greatly.'),(620,0,'The child ran happily towards his mother.'),(620,1,'Lisa walked to the shops.'),(620,0,'That smells well.'),(620,0,'Brendan gently woke the sleeping baby.'),(621,0,'We use an adverb to say how something happens.'),(621,0,'We use an adverb to say how often something happens.'),(621,0,'We use an adverb to say when or where something happens.'),(621,1,'We use an adverb in place of a noun.'),(622,1,'yesterday'),(622,0,'slowly'),(622,0,'loudly'),(622,0,'upstairs'),(622,0,'warmly'),(623,1,'he is'),(623,0,'is he'),(623,0,'does he'),(624,0,'Does the teacher have'),(624,1,'the teacher has'),(624,0,'Does the teacher has'),(625,0,'can I go'),(625,1,'I can go'),(626,1,'The question is correct'),(626,0,'The question is not correct'),(627,0,'is there'),(627,1,'there is'),(628,1,'she can'),(628,0,'can she'),(629,0,'The question is correct'),(629,1,'The question is not correct'),(630,1,'The question is correct'),(630,0,'The question is not correct'),(631,1,'I should'),(631,0,'should I'),(631,0,'do I should'),(632,0,'could I'),(632,0,'did I could'),(632,1,'I could'),(633,0,'are we having'),(633,1,'we are having'),(633,0,'having are we'),(634,1,'your neighbors are'),(634,0,'are your neighbors'),(634,0,'do your neighbors are'),(635,0,'is the little baby'),(635,0,'the little is baby '),(635,1,'the little baby is'),(636,1,'cars he has'),(636,0,'cars does he have'),(636,0,'cars he have'),(636,0,'cars does he has'),(637,0,'she like swimming'),(637,0,'does she like swimming'),(637,0,'does she likes swimming'),(637,1,'she likes swimming'),(638,1,'he is comming'),(638,0,'is he comming'),(638,0,'comming is he'),(639,0,'she want'),(639,0,'does she want'),(639,1,'she wants'),(639,0,'does she wants'),(640,1,'quieter'),(640,0,'more quiet'),(640,0,'more quiet'),(641,0,'fiter'),(641,1,'fitter'),(641,0,'more fit'),(642,0,'more pretty'),(642,0,'most pretty'),(642,1,'prettier'),(643,1,'less crowded'),(643,0,'least crowded'),(643,0,'crowdeder'),(644,0,'comfortabler'),(644,1,'more comfortable'),(644,0,'most comfortable'),(645,0,'the more popular'),(645,0,'popularest'),(645,1,'the most popular'),(646,1,'better'),(646,0,'gooder'),(646,0,'best'),(647,0,'the longer'),(647,1,'the longest'),(647,0,'longer than'),(648,0,'the cheap'),(648,0,'more cheaper'),(648,1,'cheaper'),(649,1,'taller'),(649,0,'most tall'),(649,0,'the tallest'),(650,0,'the badest'),(650,1,'the worst'),(650,0,'worse'),(651,0,'the more beautiful'),(651,0,'the beautifulest'),(651,1,'the most beautiful'),(652,1,'less expensive'),(652,0,'least expensive'),(652,0,'expensiver'),(653,0,'the less surprising'),(653,1,'the least surprising'),(653,0,'the surprisinger'),(654,0,'as hot than'),(654,0,'as hot so'),(654,1,'as hot as'),(655,1,'as tall as'),(655,0,'as tall like'),(655,0,'the tall as'),(656,0,'more good than'),(656,1,'as good as'),(656,0,'less better than'),(657,0,'as expensive like'),(657,0,'more expensiver than'),(657,1,'as expensive as'),(658,1,'further'),(658,0,'farer'),(658,0,'fartest'),(659,0,'farest'),(659,1,'furthest'),(659,0,'fariest'),(660,1,'eat'),(660,0,'will eat'),(660,0,'eats'),(661,0,'has'),(661,1,'will have'),(661,0,'have'),(662,0,'do'),(662,0,'will do'),(662,1,'does'),(663,1,'will arrive'),(663,0,'arrive'),(663,0,'arrives'),(664,1,'won\'t do well'),(664,0,'don\'t do well'),(664,0,'won\'t does well'),(665,0,'won\'t tell'),(665,1,'don\'t tell'),(665,0,'told'),(666,0,'you will'),(666,0,'do you'),(666,1,'will you'),(667,0,'will call'),(667,1,'calls'),(667,0,'call'),(668,0,'am'),(668,1,'will be'),(668,0,'be'),(669,1,'will look'),(669,0,'look'),(669,0,'don\'t look'),(670,1,'will tell'),(670,0,'tell'),(670,0,'don\'t tell'),(671,0,'don\'t say no'),(671,1,'won\'t say no'),(671,0,'will no'),(672,0,'fly'),(672,0,'doesn\'t fly'),(672,1,'won\'t fly'),(673,0,'drive'),(673,0,'don\'t drive'),(673,1,'will drive'),(674,0,'you will keep'),(674,1,'you keep'),(674,0,'won\'t keep'),(675,0,'won\'t let'),(675,0,'will let'),(675,1,'don\'t let'),(676,0,'do you'),(676,1,'will you'),(676,0,'you will'),(677,1,'get'),(677,0,'will get'),(677,0,'won\'t get'),(678,0,'don\'t buy'),(678,0,'buy'),(678,1,'will buy'),(679,0,'will clean'),(679,1,'clean'),(679,0,'will not clean'),(680,1,'husband leaves'),(680,0,'husband is leaving'),(680,0,'leave'),(681,0,'leave'),(681,1,'am leaving'),(681,0,'is leaving'),(682,0,'play'),(682,0,'playes'),(682,1,'plays'),(683,1,'am listening'),(683,0,'listen'),(683,0,'are listening'),(684,0,'am going to the'),(684,1,'go to the'),(684,0,'am go to the'),(685,0,'read'),(685,0,'reads'),(685,1,'am reading'),(686,1,'knows all the'),(686,0,'is knowing all the'),(686,0,'know all the'),(687,0,'hates getting'),(687,1,'hate getting'),(687,0,'is hating getting'),(688,0,'am hoping'),(688,0,'hopes'),(688,1,'hope'),(689,1,'am working'),(689,0,'work'),(689,0,'works'),(690,0,'likes'),(690,1,'like'),(690,0,'am liking'),(691,0,'meets'),(691,0,'meet'),(691,1,'is meeting'),(692,1,'Are you doing'),(692,0,'Do you do'),(692,0,'Do you doing'),(693,0,'visit'),(693,1,'am visiting'),(693,0,'visiting'),(694,1,'I have been on this English course for three weeks.'),(694,0,'I was on this English course for three weeks.'),(694,0,'I am on this English course for three weeks.'),(695,0,'The last time I have seen John was Friday.'),(695,1,'The last time I saw John was Friday.'),(695,0,'The last time I have saw John was Friday.'),(696,0,'Claire hasn\'t been on holiday for five years.'),(696,0,'Claire wasn\'t on holiday for five years.'),(696,1,'Claire haven\'t been on holiday for five years.'),(697,1,'Marie got married seven months ago.'),(697,0,'Marie has got married seven months ago.'),(697,0,'Marie get married seven months ago.'),(698,0,'Have you have the result of your test?'),(698,1,'Have you had the result of your test?'),(698,0,'Had you had the result of your test?'),(699,0,'I watched 2 films so far today.'),(699,0,'I has watched 2 films so far today.'),(699,1,'I have watched 2 films so far today.'),(700,1,'haven\'t seen'),(700,0,'didn\'t see'),(700,0,'saw'),(701,0,'has bought'),(701,1,'bought'),(701,0,'did bought'),(702,0,'did stayed'),(702,0,'have stayed'),(702,1,'stayed'),(703,1,'have been'),(703,0,'were'),(703,0,'was'),(704,0,'didn\'t drive'),(704,1,'drove'),(704,0,'has driven'),(705,0,'has gone'),(705,0,'have gone'),(705,1,'went'),(706,1,'haven\'t'),(706,0,'didn\'t'),(706,0,'hasn\'t'),(707,0,'have arrived'),(707,1,'arrived'),(707,0,'haven\'t arrived'),(708,0,'didn\'t take'),(708,0,'took'),(708,1,'have taken'),(709,1,'Sue said she had left some food in the pot.'),(709,0,'Sue said she left some food in the pot.'),(709,0,'Sue said she leaves some food in the pot.'),(710,0,'Anna said she asked Andrew to give her a lift.'),(710,1,'Anna said she would ask Andrew to give her a lift.'),(710,0,'Anna said she asks Andrew to give her a lift.'),(711,0,'Mary said she finished work early today.'),(711,0,'Mary said she finished work early this day.'),(711,1,'Mary said she finished work early that day.'),(712,1,'Claire said she had booked the tickets that morning.'),(712,0,'Claire said she booked the tickets that morning.'),(712,0,'Claire said she did book the tickets that morning.'),(713,0,'Louisa said she tries to be there on time.'),(713,1,'Louisa said she would try to be there on time.'),(713,0,'Louisa said she tried to be there on time.'),(714,0,'Steve said the car has broken down.'),(714,0,'Steve said the car broke down.'),(714,1,'Steve said the car had broken down.'),(715,1,'Gill said she would be at work late that night.'),(715,0,'Gill said she had been at work late that night.'),(715,0,'Gill said she was at work late that night.'),(716,0,'Corinne said she wouldn\'t eat fish.'),(716,1,'Corinne said she didn\'t eat fish.'),(716,0,'Corinne said she hadn\'t eaten fish.'),(717,0,'Miguel said he broke the mirror.'),(717,0,'Miguel said he breaks the mirror.'),(717,1,'Miguel said he had broken the mirror.'),(718,1,'Carl said he had passed his English exam.'),(718,0,'Carl said he would pass his English exam.'),(718,0,'Carl said he will pass his English exam.'),(719,0,'Kim said she had gone to the cinema that evening.'),(719,1,'Kim said she was going to the cinema that evening.'),(719,0,'Kim said she would go to the cinema that evening.'),(720,0,'Kathy said she would pay the bill today.'),(720,0,'Kathy said she would pay the bill this day.'),(720,1,'Kathy said she would pay the bill that day.'),(721,1,'Hellen said she would leave the next day.'),(721,0,'Hellen said she would leave that day.'),(721,0,'Hellen said she would leave then.'),(722,1,'spent'),(722,0,'spended'),(722,0,'spented'),(723,0,'is'),(723,1,'was'),(723,0,'were'),(724,0,'travelled'),(724,0,'travelt'),(724,1,'traveled'),(725,1,'went'),(725,0,'gone'),(725,0,'going'),(726,0,'learning'),(726,1,'learned'),(726,0,'learnet'),(727,0,'am'),(727,0,'was'),(727,1,'were'),(728,1,'didn\'t rain'),(728,0,'didn\'t rained'),(728,0,'did rained'),(729,0,'seed'),(729,1,'saw'),(729,0,'seen'),(730,0,'do you spend'),(730,0,'does you spend'),(730,1,'did you spend'),(731,1,'did you live'),(731,0,'did you lived'),(731,0,'did you living'),(732,0,'did not studied'),(732,1,'didn\'t study'),(732,0,'didn\'t studied'),(733,0,'Did they visited'),(733,0,'Do they visited'),(733,1,'Did they visit'),(734,1,'didn\'t watch'),(734,0,'did watched'),(734,0,'didn\'t watched'),(735,0,'buyed'),(735,1,'bought'),(735,0,'bough'),(736,0,'did you taught'),(736,0,'did you teached'),(736,1,'did you teach'),(737,1,'didn\'t think'),(737,0,'didn\'t thought'),(737,0,'didn\'t thinked'),(738,0,'cooket'),(738,1,'cooked'),(738,0,'cookeded'),(739,0,'Do you readed'),(739,0,'Did you readed'),(739,1,'Did you read'),(740,1,'didn\'t write'),(740,0,'does wrote'),(740,0,'does written'),(741,0,'haved'),(741,1,'had'),(741,0,'have'),(742,0,'did you gone'),(742,0,'you went'),(742,1,'did you go'),(743,1,'loved'),(743,0,'loving'),(743,0,'did loved'),(744,0,'did met'),(744,1,'didn\'t meet'),(744,0,'do met'),(745,0,'Does she swam'),(745,0,'Do she swim'),(745,1,'Did she swim'),(746,1,'didn\'t play'),(746,0,'did played'),(746,0,'do played'),(747,0,'tryed'),(747,1,'tried'),(747,0,'tryied'),(748,0,'did you ate'),(748,0,'does you eat'),(748,1,'did you eat'),(749,1,'visit'),(749,0,'visits'),(749,0,'visites'),(750,0,'playes'),(750,1,'play'),(750,0,'plays'),(751,0,'workes'),(751,0,'work'),(751,1,'works'),(752,1,'tells'),(752,0,'tell'),(752,0,'telles'),(753,0,'do'),(753,1,'does'),(753,0,'dos'),(754,0,'dancing'),(754,0,'dances'),(754,1,'dance'),(755,1,'takes care'),(755,0,'take care'),(755,0,'taked care'),(756,0,'buys'),(756,1,'buy'),(756,0,'buyes'),(757,0,'gos'),(757,0,'go'),(757,1,'goes'),(758,1,'doesn\'t drink'),(758,0,'don\'t drinks'),(758,0,'doesn\'t drinks'),(759,0,'don\'t wears'),(759,1,'don\'t wear'),(759,0,'doesn\'t wear'),(760,0,'doesn\'t play'),(760,0,'don\'t plays'),(760,1,'don\'t play'),(761,1,'don\'t teach'),(761,0,'don\'t teaches'),(761,0,'doesn\'t teach'),(762,0,'do not'),(762,1,'does not'),(762,0,'don\'t'),(763,0,'do'),(763,0,'doesn\'t not'),(763,1,'doesn\'t'),(764,1,'don\'t'),(764,0,'doesn\'t'),(764,0,'does not'),(765,0,'Am'),(765,1,'Do'),(765,0,'Does'),(766,0,'Are'),(766,0,'Do'),(766,1,'Does'),(767,1,'Does'),(767,0,'Do'),(767,0,'Is'),(768,0,'Do'),(768,1,'Does'),(768,0,'Is'),(769,0,'Is'),(769,0,'Do'),(769,1,'Does'),(770,1,'Do'),(770,0,'Does'),(770,0,'Are'),(771,0,'Do'),(771,1,'Does'),(771,0,'Am'),(772,0,'They'),(772,0,'Does'),(772,1,'Do'),(773,1,'is'),(773,0,'are'),(773,0,'be'),(774,0,'is'),(774,1,'are'),(774,0,'am'),(775,0,'Am'),(775,0,'Is'),(775,1,'Are'),(776,1,'is'),(776,0,'are'),(776,0,'be'),(777,0,'am'),(777,1,'is'),(777,0,'be'),(778,0,'be'),(778,0,'is'),(778,1,'am'),(779,1,'be'),(779,0,'is'),(779,0,'are'),(780,0,'are'),(780,1,'is'),(780,0,'be'),(781,0,'be'),(781,0,'is'),(781,1,'are'),(782,1,'be'),(782,0,'is'),(782,0,'are'),(783,0,'be'),(783,1,'is'),(783,0,'are'),(784,0,'be'),(784,0,'is '),(784,1,'are'),(785,1,'is'),(785,0,'are'),(785,0,'be'),(786,0,'is'),(786,1,'Are'),(786,0,'Be'),(787,0,'are'),(787,0,'is'),(787,1,'be'),(788,1,'am going'),(788,0,'am go'),(788,0,'is going'),(789,0,'is go'),(789,1,'is going'),(789,0,'are going'),(790,0,'are go'),(790,0,'am going'),(790,1,'are going'),(791,1,'is going'),(791,0,'are going'),(791,0,'am going'),(792,0,'are going'),(792,1,'is going'),(792,0,'am going'),(793,0,'am going'),(793,0,'is going'),(793,1,'are going'),(794,1,'are going'),(794,0,'is going'),(794,0,'am going'),(795,0,'You are going'),(795,1,'Are you going'),(795,0,'Do you going'),(796,0,'She going'),(796,0,'She is going'),(796,1,'Is she going'),(797,1,'Is it going'),(797,0,'It is going'),(797,0,'Going is it'),(798,0,'They are going'),(798,1,'Are they going'),(798,0,'They is going'),(799,0,'Is We going'),(799,0,'We are going'),(799,1,'Are we going'),(800,1,'am not going'),(800,0,'not am going'),(800,0,'going not am'),(801,0,'not are going to'),(801,1,'aren\'t going to'),(801,0,'isn\'t going'),(802,0,'aren\'t going'),(802,0,'am not going'),(802,1,'isn\'t going'),(803,1,'is not going'),(803,0,'not is going'),(803,0,'going is not'),(804,0,'isn\'t going'),(804,1,'are not going'),(804,0,'going are not'),(805,0,'am not going'),(805,0,'not going are'),(805,1,'are not going'),(806,1,'is going'),(806,0,'going is'),(806,0,'are going'),(807,0,'is going'),(807,1,'are going'),(807,0,'am going'),(808,0,'is you going'),(808,0,'you are going'),(808,1,'are you going'),(809,1,'is Peter going'),(809,0,'Peter is going'),(809,0,'going Peter is'),(810,1,'least she could'),(810,0,'last she could'),(810,0,'leess she could'),(811,0,'more'),(811,1,'much'),(811,0,'such'),(812,0,'any'),(812,0,'every'),(812,1,'all'),(813,1,'few'),(813,0,'little'),(813,0,'half'),(814,0,'Both'),(814,1,'Either'),(814,0,'Each'),(815,0,'some'),(815,0,'0'),(815,1,'the'),(816,1,'many'),(816,0,'more than'),(816,0,'much'),(817,0,'every'),(817,1,'enough'),(817,0,'other'),(818,0,'much of them'),(818,0,'neither of them'),(818,1,'none of them'),(819,1,'neither of them'),(819,0,'none of them'),(819,0,'both of them'),(820,0,'either'),(820,1,'each'),(820,0,'every'),(821,0,'Each / all'),(821,0,'No / neither'),(821,1,'No / either '),(822,1,'Both / and / neither '),(822,0,'Both / and / either'),(822,0,'Neither / nor / both'),(823,0,'every'),(823,1,'each'),(823,0,'much'),(824,0,'neither of / both'),(824,0,'neither of the / all'),(824,1,'none of the / all'),(825,1,'a few'),(825,0,'fewer'),(825,0,'fewest'),(826,0,'None of / either of'),(826,1,'Both of / neither of'),(826,0,'Either of / none of'),(827,0,'all'),(827,0,'each'),(827,1,'every'),(828,1,'fits'),(828,0,'bits'),(828,0,'wits'),(829,0,'and shy'),(829,1,'and dry'),(829,0,'and sly'),(830,0,'group of the company'),(830,0,'line of the company'),(830,1,'file of the company'),(831,1,'nook and'),(831,0,'hook and'),(831,0,'look and'),(832,0,'nill'),(832,1,'null'),(832,0,'nought'),(833,0,'marks and tear'),(833,0,'scratches and tear'),(833,1,'wear and tear'),(834,1,'scrimped'),(834,0,'cramped'),(834,0,'stored'),(835,0,'honest'),(835,1,'square'),(835,0,'true'),(836,0,'and calm'),(836,0,'and silent'),(836,1,'and quiet'),(837,1,'and pieces involved'),(837,0,'and items involved'),(837,0,'and chunks involved'),(838,0,'and ages of'),(838,1,'and times of'),(838,0,'and moments of'),(839,0,'in legislation and order'),(839,0,'in rule and order'),(839,1,'in law and order'),(840,1,'chips'),(840,0,'bits'),(840,0,'pieces'),(841,0,'commotion'),(841,1,'bustle'),(841,0,'tumult'),(842,0,'and woes'),(842,0,'and adversities'),(842,1,'and tribulations'),(843,1,'downs'),(843,0,'lows'),(843,0,'blues'),(844,0,'ons'),(844,1,'ins'),(844,0,'overs'),(845,0,'ifs and whats that'),(845,0,'ifs and hows that'),(845,1,'ifs and buts that'),(846,1,'large'),(846,0,'broad'),(846,0,'full'),(847,0,'get'),(847,1,'take'),(847,0,'put'),(848,0,'package'),(848,0,'bundle'),(848,1,'parcel'),(849,1,'sound'),(849,0,'intact'),(849,0,'solid'),(850,0,'delicious'),(850,1,'sweet'),(850,0,'gentle'),(851,0,'back and onward movement'),(851,0,'back and forward movement'),(851,1,'back and forth movement'),(852,1,'grim determination'),(852,0,'strong determination'),(852,0,'harsh determination'),(853,0,'auspicious moment'),(853,1,'auspicious occasion'),(853,0,'auspicious gathering'),(854,0,'As a conservative guess'),(854,0,'As a conservative forecast'),(854,1,'As a conservative estimate'),(855,1,'had a frugal'),(855,0,'had a careful'),(855,0,'had a tight'),(856,0,'to a stop'),(856,1,'to a halt'),(856,0,'to an end'),(857,0,'have been sworn competitors'),(857,0,'have been sworn rivals'),(857,1,'have been sworn enemies'),(858,1,'excruciating pain'),(858,0,'agonizing pain'),(858,0,'maddening pain'),(859,0,'highly tempted to report'),(859,1,'sorely tempted to report'),(859,0,'greatly tempted to report'),(860,0,'makes a living gaining'),(860,0,'makes a living salary'),(860,1,'makes a living wage'),(861,1,'industrial action'),(861,0,'industrial force'),(861,0,'industrial activity'),(862,0,'races'),(862,1,'runs'),(862,0,'rushes'),(863,0,'as a perfect shock'),(863,0,'as a deep shock'),(863,1,'as a total shock'),(864,1,'ran smoothly'),(864,0,'ran easily'),(864,0,'ran calmly'),(865,0,'What enhancements'),(865,1,'What advances'),(865,0,'What upgrades'),(866,0,'deliberate consideration'),(866,0,'cautious consideration'),(866,1,'careful consideration'),(867,1,'teeth'),(867,0,'head'),(867,0,'back'),(868,0,'leash'),(868,1,'tether'),(868,0,'rope'),(869,0,'grains'),(869,0,'bread'),(869,1,'food'),(870,1,'out on a limb for your'),(870,0,'off on a limb for your'),(870,0,'away on a limb for your'),(871,0,'young'),(871,1,'spring'),(871,0,'baby'),(872,0,'white'),(872,0,'red'),(872,1,'blue'),(873,1,'a new lease of'),(873,0,'a new run of'),(873,0,'a new offer of'),(874,0,'have an axe to sharpen'),(874,1,'have an axe to grind'),(874,0,'have an axe to shine'),(875,0,'a long order'),(875,0,'a big order'),(875,1,'a tall order'),(876,1,'beyond the pale'),(876,0,'beyond the bleached'),(876,0,'beyond the white'),(877,0,'bid'),(877,1,'bide'),(877,0,'bite'),(878,0,'out'),(878,0,'away'),(878,1,'off'),(879,1,'have cold feet'),(879,0,'have cool feet'),(879,0,'have frozen feet'),(880,0,'like cream and cheese'),(880,1,'like chalk and cheese'),(880,0,'like butter and cheese'),(881,0,'when cats fly'),(881,0,'when dogs fly'),(881,1,'when pigs fly'),(882,1,'whereas'),(882,0,'where'),(882,0,'as'),(883,0,'yet'),(883,1,'since'),(883,0,'though'),(884,0,'even'),(884,0,'while'),(884,1,'although'),(885,1,'though'),(885,0,'so'),(885,0,'if'),(886,0,'What\'s extra'),(886,1,'What\'s more'),(886,0,'What\'s add'),(887,0,'in any situation'),(887,0,'in any matter'),(887,1,'in any case'),(888,1,'nevertheless'),(888,0,'despite'),(888,0,'although'),(889,0,'Thus'),(889,1,'Despite'),(889,0,'Nevertheless'),(890,0,'still'),(890,0,'since'),(890,1,'thus'),(891,1,'and furthermore'),(891,0,'and since'),(891,0,'and though'),(892,0,'because'),(892,1,'nonetheless'),(892,0,'despite'),(893,0,'whereas'),(893,0,'however'),(893,1,'despite'),(894,1,'likewise'),(894,0,'like'),(894,0,'likely'),(895,0,'while'),(895,1,'yet'),(895,0,'still'),(896,1,'She hadn\'t expected this.'),(896,0,'She hadn\'t bought this.'),(896,0,'She hadn\'t profited from this.'),(897,0,'She suddenly turned the lights on.'),(897,1,'She suddenly realised.'),(897,0,'She was suddenly seen.'),(898,1,'They discussed it.'),(898,0,'They talked a lot.'),(898,0,'They gossiped.'),(899,1,'She tied her laces.'),(899,0,'She painted her laces.'),(899,0,'She sewed her laces.'),(900,0,'He telephoned her.'),(900,1,'He visited her.'),(900,0,'He blamed her.'),(901,1,'She went towards the living room.'),(901,0,'She paid to build the living room.'),(901,0,'She decorated the living room.'),(902,0,'He improvised a long speech.'),(902,0,'He got lost in his long speech.'),(902,1,'He began a long speech.'),(903,0,'He has the same profession as his mother.'),(903,0,'He looks like his mother.'),(903,1,'He is like his mother.'),(904,1,'He informed the mall would be closed.'),(904,0,'He forgot the mall would be closed.'),(904,0,'He remembered the mall would be closed.'),(905,1,'Who\'s going to be responsible for the new client?'),(905,0,'Who\'s going to bring the new client?'),(905,0,'Who\'s going to talk to the new client?'),(906,1,'He will not change his mind about his decision.'),(906,0,'He will not think about his decision.'),(906,0,'He won\'t ellaborate his decision.'),(907,0,'Take your book at the reception'),(907,0,'Pay for the book at the reception'),(907,1,'Register at the reception'),(908,1,'slogging away'),(908,0,'slogging around'),(908,0,'sloggin through'),(909,0,'is droping far behind'),(909,1,'is lagging far behind'),(909,0,'is straggling far behind'),(910,0,'reeking in'),(910,0,'reeking with'),(910,1,'reeking of'),(911,1,'cotton on to the pleasures'),(911,0,'wool on to the pleasures'),(911,0,'nylon on to the pleasures'),(912,0,'onto'),(912,1,'into'),(912,0,'at'),(913,0,'expand out details of'),(913,0,'pad out details of'),(913,1,'flesh out details of'),(914,1,'muddle through'),(914,0,'muddle over'),(914,0,'muddle around'),(915,0,'fallen'),(915,1,'bottomed'),(915,0,'flattened'),(916,0,'down'),(916,0,'out'),(916,1,'away'),(917,1,'wind up'),(917,0,'wind out'),(917,0,'wind over'),(918,0,'from'),(918,1,'for'),(918,0,'to'),(919,1,'I can\'t discover the truth about it.'),(919,0,'I can\'t hide the truth about it.'),(919,0,'I can\'t deny the truth about it.'),(920,1,'a sore'),(920,0,'a swollen'),(920,0,'bruised'),(921,0,'ball'),(921,1,'balloon'),(921,0,'load'),(922,0,'candle'),(922,0,'pipe'),(922,1,'chimney'),(923,1,'a hawk'),(923,0,'an eagle'),(923,0,'an owl'),(924,0,'flats'),(924,1,'houses'),(924,0,'blocks'),(925,0,'strong'),(925,0,'solid'),(925,1,'hard'),(926,1,'dull'),(926,0,'grim'),(926,0,'flat'),(927,0,'shiny'),(927,1,'clean'),(927,0,'bright'),(928,0,'a bird'),(928,0,'an ant'),(928,1,'a bee'),(929,1,'an ox'),(929,0,'a fox'),(929,0,'a horse'),(930,0,'as clay'),(930,1,'as mud'),(930,0,'as sludge'),(931,0,'go'),(931,0,'flow'),(931,1,'grow'),(932,1,'log'),(932,0,'fog'),(932,0,'frog'),(933,0,'fake'),(933,1,'rake'),(933,0,'scrape'),(934,0,'as lettuce'),(934,0,'as an eggplant'),(934,1,'as a cucumber'),(935,1,'moistening'),(935,0,'moisturing'),(935,0,'moisturizing'),(936,0,'purificy'),(936,1,'purify'),(936,0,'purity'),(937,0,'harmonysize'),(937,0,'harmonying'),(937,1,'harmonising'),(938,1,'enlarged'),(938,0,'inlarged'),(938,0,'enlarging'),(939,0,'historicians'),(939,1,'historians'),(939,0,'historyans'),(940,0,'unnormalities'),(940,0,'inormilities'),(940,1,'abnormalities'),(941,1,'armful'),(941,0,'armfull'),(941,0,'armfuly'),(942,0,'maintainance'),(942,1,'maintenance'),(942,0,'maintanance'),(943,0,'approvity'),(943,0,'approving'),(943,1,'approval'),(944,1,'apologetically'),(944,0,'apologetic'),(944,0,'apologying'),(945,0,'arguing'),(945,1,'arguably'),(945,0,'arguable'),(946,0,'assessed'),(946,0,'assessing'),(946,1,'assessment'),(947,1,'withdrawal'),(947,0,'withdrawn'),(947,0,'withdrawing'),(948,0,'broadening'),(948,1,'broaden'),(948,0,'broadth'),(949,0,'sustanance'),(949,0,'sustainance'),(949,1,'sustenance'),(950,1,'perilous'),(950,0,'imperil'),(950,0,'perily'),(951,0,'disgrace'),(951,1,'disgracefully'),(951,0,'disgraceful'),(952,0,'heartbreak'),(952,0,'dishearten'),(952,1,'heartless'),(953,1,'walks'),(953,0,'walking'),(953,0,'walk'),(954,0,'do'),(954,1,'am doing'),(954,0,'does'),(955,0,'traveling'),(955,1,'travels'),(956,1,'do'),(956,0,'doing'),(956,0,'is doing'),(957,0,'Do'),(957,1,'Doing'),(957,0,'Does'),(958,0,'eat'),(958,1,'eating'),(958,0,'eats'),(959,0,'is opening'),(959,1,'opens'),(959,0,'open'),(959,0,'opening'),(960,0,'excite'),(960,1,'exciting'),(961,1,'Driving'),(961,0,'Drive'),(961,0,'Is Driving'),(962,0,'is driving'),(962,0,'to drive'),(962,1,'driving'),(963,1,'are driving'),(963,0,'drives'),(963,0,'is driving'),(963,0,'driving'),(964,0,'dancing'),(964,1,'dance'),(964,0,'dances'),(965,1,'dancing'),(965,0,'dance'),(965,0,'dances'),(966,1,'is washing'),(966,0,'are washing'),(966,0,'wash'),(967,0,'has lunch'),(967,0,'to have lunch'),(967,1,'are having lunch'),(968,0,'leaving'),(968,1,'leaves'),(968,0,'is leaving'),(969,0,'help'),(969,0,'is helping'),(969,1,'helps'),(970,0,'bores'),(970,0,'bored'),(970,1,'boring'),(970,0,'bore'),(971,1,'Walking'),(971,0,'Walk'),(971,0,'Walks'),(971,0,'To walking'),(972,0,'do'),(972,1,'doing'),(972,0,'is doing'),(973,0,'at'),(973,0,'on'),(973,1,'in'),(974,1,'at'),(974,0,'in'),(974,0,'of'),(975,1,'with'),(975,0,'against'),(975,0,'about'),(976,1,'at'),(976,0,'on'),(976,0,'of'),(977,0,'with'),(977,1,'for'),(977,0,'of'),(978,0,'in'),(978,0,'on'),(978,1,'with'),(979,1,'in'),(979,0,'on'),(979,0,'about'),(980,0,'at'),(980,0,'on'),(980,1,'of'),(981,0,'at'),(981,1,'about'),(981,0,'in'),(982,1,'about'),(982,0,'on'),(982,0,'in'),(983,0,'at'),(983,1,'on'),(983,0,'of'),(984,1,'at'),(984,0,'for'),(984,0,'with'),(985,0,'against'),(985,0,'from'),(985,1,'with'),(986,1,'for'),(986,0,'on'),(986,0,'to'),(987,0,'to'),(987,0,'about'),(987,1,'of'),(988,0,'at'),(988,1,'on'),(988,0,'with'),(989,1,'from'),(989,0,'about'),(989,0,'against'),(990,0,'at'),(990,1,'for'),(990,0,'of'),(991,0,'at'),(991,0,'for'),(991,1,'on'),(992,1,'with'),(992,0,'on'),(992,0,'about'),(993,1,'of'),(993,0,'with'),(994,1,'with'),(994,1,'at'),(994,0,'against'),(994,0,'on'),(994,0,'of'),(995,0,'of'),(995,1,'about'),(995,0,'in'),(996,1,'with'),(996,0,'at'),(996,0,'about'),(996,0,'on'),(997,1,'for'),(997,0,'to'),(997,0,'with'),(998,1,'of'),(998,0,'at'),(998,0,'with'),(998,0,'about'),(999,0,'in'),(999,1,'with'),(999,0,'on'),(1000,0,'on'),(1000,0,'against'),(1000,0,'with'),(1000,1,'for'),(1001,1,'about'),(1001,0,'at'),(1002,0,'about'),(1002,1,'with'),(1002,0,'for'),(1003,0,'at'),(1003,0,'on'),(1003,1,'with'),(1004,1,'in'),(1004,0,'on'),(1004,1,'with'),(1004,0,'at'),(1005,0,'with'),(1005,1,'of'),(1005,0,'against'),(1006,0,'for'),(1006,1,'with'),(1006,0,'in'),(1007,0,'to'),(1007,1,'with'),(1007,0,'on'),(1008,1,'with'),(1008,0,'to'),(1008,0,'against'),(1009,0,'about'),(1009,0,'on'),(1009,1,'against'),(1010,1,'on'),(1010,0,'about'),(1010,0,'for'),(1011,0,'of'),(1011,1,'for'),(1011,0,'at'),(1012,0,'on'),(1012,0,'for'),(1012,1,'to'),(1013,0,'(blank)'),(1013,1,'of'),(1013,0,'about'),(1014,0,'with'),(1014,0,'on'),(1014,1,'about'),(1015,1,'with'),(1015,0,'to'),(1015,0,'against'),(1016,0,'with'),(1016,0,'to'),(1016,1,'about'),(1017,1,'for'),(1017,0,'on'),(1017,0,'to'),(1018,0,'with'),(1018,1,'to'),(1018,0,'about'),(1019,1,'about'),(1019,0,'of'),(1019,0,'to'),(1020,0,'with'),(1020,0,'about'),(1020,1,'to'),(1021,0,'on'),(1021,0,'with'),(1021,1,'about'),(1022,1,'with'),(1022,0,'of'),(1022,0,'for'),(1023,1,'of'),(1023,0,'about'),(1023,0,'on'),(1024,0,'to'),(1024,0,'of'),(1024,1,'with'),(1025,0,'to'),(1025,1,'for'),(1025,0,'in'),(1026,0,'from'),(1026,1,'of'),(1026,0,'about'),(1027,1,'at'),(1027,0,'about'),(1027,0,'in'),(1028,1,'for'),(1028,0,'to'),(1028,0,'in'),(1029,0,'on'),(1029,0,'in'),(1029,0,'with'),(1029,1,'of'),(1030,1,'to'),(1030,0,'of'),(1030,0,'at'),(1031,0,'in'),(1031,1,'at'),(1031,0,'with'),(1031,0,'for'),(1032,0,'with'),(1032,0,'in'),(1032,1,'at'),(1033,0,'in'),(1033,1,'on'),(1033,0,'at'),(1034,1,'from'),(1034,0,'of'),(1034,0,'with'),(1035,0,'about'),(1035,1,'to'),(1035,0,'at'),(1035,0,'of'),(1036,1,'of'),(1036,0,'if'),(1036,0,'with'),(1037,1,'in'),(1037,0,'on'),(1037,0,'with'),(1037,0,'at'),(1038,0,'in'),(1038,1,'on'),(1039,1,'on'),(1039,0,'in'),(1039,0,'at'),(1040,0,'to'),(1040,1,'for'),(1040,0,'on'),(1040,0,'in'),(1041,0,'of'),(1041,0,'at'),(1041,0,'from'),(1041,0,'in'),(1041,1,'with'),(1042,1,'at'),(1042,0,'in'),(1042,0,'with'),(1043,1,'for'),(1043,0,'of'),(1044,0,'with'),(1044,1,'of'),(1044,0,'for'),(1044,0,'at'),(1045,1,'to'),(1045,0,'with'),(1045,0,'at'),(1046,0,'on'),(1046,1,'in'),(1046,0,'for'),(1046,0,'with'),(1047,1,'for'),(1047,0,'at'),(1047,0,'from'),(1047,0,'of');
/*!40000 ALTER TABLE `task_options` ENABLE KEYS */;
UNLOCK TABLES;

--
-- Table structure for table `temporary_trial_data_store`
--

DROP TABLE IF EXISTS `temporary_trial_data_store`;
/*!40101 SET @saved_cs_client     = @@character_set_client */;
/*!40101 SET character_set_client = utf8 */;
CREATE TABLE `temporary_trial_data_store` (
  `id` bigint(20) NOT NULL AUTO_INCREMENT,
  `finished` bit(1) NOT NULL,
  `quest_id` bigint(20) DEFAULT NULL,
  `score` double NOT NULL,
  `tasks_index` int(11) NOT NULL,
  `trial_number` int(11) NOT NULL,
  `trial_id` bigint(20) DEFAULT NULL,
  `user_id` bigint(20) DEFAULT NULL,
  PRIMARY KEY (`id`),
  KEY `FKkug58u2jxvxfxahk50vpn6mca` (`trial_id`),
  KEY `FKr6top0vpsbmrg4u97o7bngslt` (`user_id`),
  CONSTRAINT `FKkug58u2jxvxfxahk50vpn6mca` FOREIGN KEY (`trial_id`) REFERENCES `trial` (`id`),
  CONSTRAINT `FKr6top0vpsbmrg4u97o7bngslt` FOREIGN KEY (`user_id`) REFERENCES `user` (`id`)
) ENGINE=InnoDB AUTO_INCREMENT=44 DEFAULT CHARSET=utf8mb4;
/*!40101 SET character_set_client = @saved_cs_client */;

--
-- Dumping data for table `temporary_trial_data_store`
--

LOCK TABLES `temporary_trial_data_store` WRITE;
/*!40000 ALTER TABLE `temporary_trial_data_store` DISABLE KEYS */;
INSERT INTO `temporary_trial_data_store` VALUES (13,'',11,3,10,1,46,117),(14,'',11,8,10,1,53,116),(15,'',11,10,10,1,74,119),(16,'',11,8,10,1,67,118),(17,'',11,10,10,1,39,115),(18,'',11,5,10,1,95,121),(19,'',11,8,10,1,116,123),(20,'',11,8,10,1,123,124),(21,'',11,5,10,2,139,125),(22,'',11,2,10,3,140,125),(23,'\0',14,0,0,1,152,109),(24,'',14,4,10,1,166,127),(25,'',14,9,10,1,173,128),(26,'',14,8,10,1,159,126),(27,'',14,8,10,1,180,129),(28,'',14,6,10,1,187,130),(29,'',14,4,10,1,194,131),(30,'',14,7,10,1,201,132),(31,'',14,6,10,1,208,133),(32,'',14,8,10,1,215,134),(33,'',14,8,10,1,229,136),(34,'',11,10,10,3,55,116),(35,'',11,6,10,3,125,124),(36,'',14,5,10,1,236,137),(37,'',14,9,10,2,202,132),(38,'',14,4,10,2,181,129),(39,'',14,7,10,2,167,127),(40,'',14,7,10,2,160,126),(41,'',14,9,10,2,174,128),(42,'',14,4,10,2,230,136),(43,'',11,8,10,4,56,116);
/*!40000 ALTER TABLE `temporary_trial_data_store` ENABLE KEYS */;
UNLOCK TABLES;

--
-- Table structure for table `temporary_trial_data_store_reduced_tasks_list`
--

DROP TABLE IF EXISTS `temporary_trial_data_store_reduced_tasks_list`;
/*!40101 SET @saved_cs_client     = @@character_set_client */;
/*!40101 SET character_set_client = utf8 */;
CREATE TABLE `temporary_trial_data_store_reduced_tasks_list` (
  `temporary_trial_data_store_id` bigint(20) NOT NULL,
  `reduced_tasks_list_id` bigint(20) NOT NULL,
  KEY `FKq2y1md42ls598okp9skxe9nq` (`reduced_tasks_list_id`),
  KEY `FKpu1saa83p0hwtgsgyswii7d89` (`temporary_trial_data_store_id`),
  CONSTRAINT `FKpu1saa83p0hwtgsgyswii7d89` FOREIGN KEY (`temporary_trial_data_store_id`) REFERENCES `temporary_trial_data_store` (`id`),
  CONSTRAINT `FKq2y1md42ls598okp9skxe9nq` FOREIGN KEY (`reduced_tasks_list_id`) REFERENCES `task` (`id`)
) ENGINE=InnoDB DEFAULT CHARSET=utf8mb4;
/*!40101 SET character_set_client = @saved_cs_client */;

--
-- Dumping data for table `temporary_trial_data_store_reduced_tasks_list`
--

LOCK TABLES `temporary_trial_data_store_reduced_tasks_list` WRITE;
/*!40000 ALTER TABLE `temporary_trial_data_store_reduced_tasks_list` DISABLE KEYS */;
INSERT INTO `temporary_trial_data_store_reduced_tasks_list` VALUES (13,1038),(13,1046),(13,1042),(13,1045),(13,1044),(13,1032),(13,1030),(13,1031),(13,1029),(13,1041),(14,1044),(14,1035),(14,1038),(14,1039),(14,1034),(14,1047),(14,1036),(14,1032),(14,1031),(14,1037),(15,1035),(15,1042),(15,1043),(15,1041),(15,1038),(15,1030),(15,1033),(15,1044),(15,1040),(15,1034),(16,1042),(16,1043),(16,1038),(16,1036),(16,1029),(16,1041),(16,1031),(16,1030),(16,1037),(16,1033),(17,1041),(17,1034),(17,1039),(17,1031),(17,1035),(17,1038),(17,1032),(17,1040),(17,1030),(17,1047),(18,1039),(18,1029),(18,1040),(18,1044),(18,1033),(18,1031),(18,1045),(18,1047),(18,1043),(18,1041),(19,1040),(19,1044),(19,1034),(19,1045),(19,1031),(19,1035),(19,1046),(19,1032),(19,1043),(19,1047),(20,1046),(20,1035),(20,1042),(20,1030),(20,1040),(20,1044),(20,1034),(20,1039),(20,1032),(20,1041),(21,1042),(21,1043),(21,1036),(21,1038),(21,1046),(21,1047),(21,1044),(21,1045),(21,1041),(21,1032),(22,1046),(22,1047),(22,1038),(22,1043),(22,1045),(22,1040),(22,1039),(22,1041),(22,1031),(22,1029),(23,1006),(23,1001),(23,1002),(23,1000),(23,996),(23,1003),(23,1004),(23,998),(23,995),(23,1005),(24,996),(24,1003),(24,1004),(24,994),(24,993),(24,998),(24,1005),(24,1002),(24,997),(24,1000),(25,1001),(25,1002),(25,1000),(25,1004),(25,1006),(25,996),(25,997),(25,994),(25,995),(25,993),(26,1006),(26,993),(26,997),(26,1005),(26,1000),(26,1002),(26,996),(26,994),(26,998),(26,1003),(27,1003),(27,999),(27,1004),(27,1005),(27,993),(27,997),(27,1006),(27,1000),(27,995),(27,996),(28,1001),(28,1002),(28,998),(28,1006),(28,995),(28,996),(28,999),(28,994),(28,993),(28,1003),(29,997),(29,1005),(29,993),(29,1003),(29,1004),(29,995),(29,994),(29,1002),(29,1006),(29,998),(30,996),(30,1000),(30,999),(30,1005),(30,1004),(30,994),(30,1003),(30,998),(30,993),(30,995),(31,1000),(31,999),(31,1003),(31,1002),(31,996),(31,1005),(31,993),(31,995),(31,1006),(31,998),(32,1003),(32,1000),(32,1006),(32,994),(32,996),(32,1005),(32,993),(32,999),(32,1002),(32,1001),(33,996),(33,993),(33,994),(33,1003),(33,1002),(33,1005),(33,998),(33,1000),(33,995),(33,997),(34,1036),(34,1031),(34,1043),(34,1030),(34,1035),(34,1041),(34,1032),(34,1045),(34,1029),(34,1038),(35,1043),(35,1042),(35,1032),(35,1029),(35,1044),(35,1035),(35,1041),(35,1038),(35,1046),(35,1039),(36,998),(36,1002),(36,996),(36,997),(36,993),(36,1000),(36,1003),(36,999),(36,994),(36,1001),(37,993),(37,1005),(37,994),(37,1002),(37,1001),(37,1004),(37,1003),(37,996),(37,1006),(37,995),(38,1002),(38,996),(38,997),(38,995),(38,1006),(38,1004),(38,999),(38,998),(38,993),(38,1000),(39,996),(39,1006),(39,999),(39,1002),(39,993),(39,1000),(39,994),(39,997),(39,1004),(39,1003),(40,1000),(40,1003),(40,1005),(40,995),(40,993),(40,999),(40,996),(40,998),(40,994),(40,1004),(41,1003),(41,1002),(41,996),(41,1000),(41,994),(41,995),(41,999),(41,997),(41,1001),(41,993),(42,994),(42,1003),(42,1006),(42,998),(42,1001),(42,995),(42,1005),(42,993),(42,1000),(42,1002),(43,1047),(43,1040),(43,1046),(43,1041),(43,1045),(43,1030),(43,1037),(43,1042),(43,1044),(43,1036);
/*!40000 ALTER TABLE `temporary_trial_data_store_reduced_tasks_list` ENABLE KEYS */;
UNLOCK TABLES;

--
-- Table structure for table `trial`
--

DROP TABLE IF EXISTS `trial`;
/*!40101 SET @saved_cs_client     = @@character_set_client */;
/*!40101 SET character_set_client = utf8 */;
CREATE TABLE `trial` (
  `id` bigint(20) NOT NULL AUTO_INCREMENT,
  `finish_date` datetime DEFAULT NULL,
  `finished` bit(1) NOT NULL,
  `score` double DEFAULT NULL,
  `start_date` datetime DEFAULT NULL,
  `trial_number` int(11) NOT NULL,
  `quest_id` bigint(20) DEFAULT NULL,
  `subject_id` bigint(20) DEFAULT NULL,
  `subscribed_user_id` bigint(20) DEFAULT NULL,
  PRIMARY KEY (`id`),
  KEY `FKrf0rsh836d3qdnwdbvjsfm6v4` (`quest_id`),
  KEY `FKdxmsdoeookiamx9n0u7nnqufo` (`subject_id`),
  KEY `FKpyy7wws2g7kfimdlq9sa5g0y5` (`subscribed_user_id`),
  CONSTRAINT `FKdxmsdoeookiamx9n0u7nnqufo` FOREIGN KEY (`subject_id`) REFERENCES `subject` (`id`),
  CONSTRAINT `FKpyy7wws2g7kfimdlq9sa5g0y5` FOREIGN KEY (`subscribed_user_id`) REFERENCES `user` (`id`),
  CONSTRAINT `FKrf0rsh836d3qdnwdbvjsfm6v4` FOREIGN KEY (`quest_id`) REFERENCES `quest` (`id`)
) ENGINE=InnoDB AUTO_INCREMENT=250 DEFAULT CHARSET=utf8mb4;
/*!40101 SET character_set_client = @saved_cs_client */;

--
-- Dumping data for table `trial`
--

LOCK TABLES `trial` WRITE;
/*!40000 ALTER TABLE `trial` DISABLE KEYS */;
INSERT INTO `trial` VALUES (1,'2022-08-04 19:48:59','',10,'2022-08-03 19:49:00',1,1,NULL,109),(2,'2022-08-05 19:48:59','',9,'2022-08-04 19:49:00',2,1,NULL,109),(3,'2022-08-06 19:48:59','',10,'2022-08-05 19:49:00',3,1,NULL,109),(4,'2022-08-04 19:48:59','',10,'2022-08-03 19:49:00',1,1,NULL,24),(5,'2022-08-05 19:48:59','',10,'2022-08-04 19:49:00',2,1,NULL,24),(6,'2022-08-06 19:48:59','',10,'2022-08-05 19:49:00',3,1,NULL,24),(8,'2022-08-17 19:59:59','\0',NULL,'2022-08-16 20:00:00',1,4,NULL,111),(9,'2022-08-18 19:59:59','\0',NULL,'2022-08-17 20:00:00',2,4,NULL,111),(10,'2022-08-19 19:59:59','\0',NULL,'2022-08-18 20:00:00',3,4,NULL,111),(11,'2022-08-17 19:59:59','\0',2,'2022-08-16 20:00:00',1,4,NULL,9),(12,'2022-08-18 19:59:59','\0',NULL,'2022-08-17 20:00:00',2,4,NULL,9),(13,'2022-08-19 19:59:59','\0',NULL,'2022-08-18 20:00:00',3,4,NULL,9),(14,'2022-08-17 19:59:59','',7,'2022-08-16 20:00:00',1,4,NULL,112),(15,'2022-08-18 19:59:59','\0',NULL,'2022-08-17 20:00:00',2,4,NULL,112),(16,'2022-08-19 19:59:59','\0',NULL,'2022-08-18 20:00:00',3,4,NULL,112),(17,'2022-08-17 19:59:59','',2,'2022-08-16 20:00:00',1,4,NULL,109),(18,'2022-08-18 19:59:59','\0',NULL,'2022-08-17 20:00:00',2,4,NULL,109),(19,'2022-08-19 19:59:59','',5,'2022-08-18 20:00:00',3,4,NULL,109),(20,'2022-08-17 19:59:59','\0',NULL,'2022-08-16 20:00:00',1,4,NULL,113),(21,'2022-08-18 19:59:59','\0',NULL,'2022-08-17 20:00:00',2,4,NULL,113),(22,'2022-08-19 19:59:59','\0',NULL,'2022-08-18 20:00:00',3,4,NULL,113),(23,'2022-08-17 19:59:59','\0',NULL,'2022-08-16 20:00:00',1,4,NULL,114),(24,'2022-08-18 19:59:59','',7,'2022-08-17 20:00:00',2,4,NULL,114),(25,'2022-08-19 19:59:59','\0',NULL,'2022-08-18 20:00:00',3,4,NULL,114),(26,'2022-08-25 21:12:59','\0',NULL,'2022-08-24 21:13:00',1,8,NULL,109),(27,'2022-08-26 21:12:59','\0',NULL,'2022-08-25 21:13:00',2,8,NULL,109),(28,'2022-08-27 21:12:59','\0',NULL,'2022-08-26 21:13:00',3,8,NULL,109),(29,'2022-08-28 21:12:59','\0',NULL,'2022-08-27 21:13:00',4,8,NULL,109),(30,'2022-08-29 21:12:59','\0',NULL,'2022-08-28 21:13:00',5,8,NULL,109),(31,'2022-08-30 21:12:59','\0',NULL,'2022-08-29 21:13:00',6,8,NULL,109),(32,'2022-08-31 21:12:59','\0',NULL,'2022-08-30 21:13:00',7,8,NULL,109),(33,'2022-08-27 19:59:59','\0',NULL,'2022-08-25 20:00:00',1,9,NULL,9),(34,'2022-08-29 19:59:59','\0',NULL,'2022-08-27 20:00:00',2,9,NULL,9),(35,'2022-08-31 19:59:59','\0',NULL,'2022-08-29 20:00:00',3,9,NULL,9),(36,'2022-08-27 19:59:59','',5,'2022-08-25 20:00:00',1,9,NULL,111),(37,'2022-08-29 19:59:59','\0',NULL,'2022-08-27 20:00:00',2,9,NULL,111),(38,'2022-08-31 19:59:59','\0',NULL,'2022-08-29 20:00:00',3,9,NULL,111),(39,'2022-08-28 11:59:59','',10,'2022-08-27 12:00:00',1,11,NULL,115),(40,'2022-08-29 11:59:59','\0',NULL,'2022-08-28 12:00:00',2,11,NULL,115),(41,'2022-08-30 11:59:59','\0',NULL,'2022-08-29 12:00:00',3,11,NULL,115),(42,'2022-08-31 11:59:59','\0',NULL,'2022-08-30 12:00:00',4,11,NULL,115),(43,'2022-09-01 11:59:59','\0',NULL,'2022-08-31 12:00:00',5,11,NULL,115),(44,'2022-09-02 11:59:59','\0',NULL,'2022-09-01 12:00:00',6,11,NULL,115),(45,'2022-09-03 11:59:59','\0',NULL,'2022-09-02 12:00:00',7,11,NULL,115),(46,'2022-08-28 11:59:59','',3,'2022-08-27 12:00:00',1,11,NULL,117),(47,'2022-08-29 11:59:59','\0',NULL,'2022-08-28 12:00:00',2,11,NULL,117),(48,'2022-08-30 11:59:59','\0',NULL,'2022-08-29 12:00:00',3,11,NULL,117),(49,'2022-08-31 11:59:59','\0',NULL,'2022-08-30 12:00:00',4,11,NULL,117),(50,'2022-09-01 11:59:59','\0',NULL,'2022-08-31 12:00:00',5,11,NULL,117),(51,'2022-09-02 11:59:59','\0',NULL,'2022-09-01 12:00:00',6,11,NULL,117),(52,'2022-09-03 11:59:59','\0',NULL,'2022-09-02 12:00:00',7,11,NULL,117),(53,'2022-08-28 11:59:59','',8,'2022-08-27 12:00:00',1,11,NULL,116),(54,'2022-08-29 11:59:59','\0',NULL,'2022-08-28 12:00:00',2,11,NULL,116),(55,'2022-08-30 11:59:59','',10,'2022-08-29 12:00:00',3,11,NULL,116),(56,'2022-08-31 11:59:59','',8,'2022-08-30 12:00:00',4,11,NULL,116),(57,'2022-09-01 11:59:59','\0',NULL,'2022-08-31 12:00:00',5,11,NULL,116),(58,'2022-09-02 11:59:59','\0',NULL,'2022-09-01 12:00:00',6,11,NULL,116),(59,'2022-09-03 11:59:59','\0',NULL,'2022-09-02 12:00:00',7,11,NULL,116),(60,'2022-08-28 11:59:59','\0',NULL,'2022-08-27 12:00:00',1,11,NULL,109),(61,'2022-08-29 11:59:59','\0',NULL,'2022-08-28 12:00:00',2,11,NULL,109),(62,'2022-08-30 11:59:59','\0',NULL,'2022-08-29 12:00:00',3,11,NULL,109),(63,'2022-08-31 11:59:59','\0',NULL,'2022-08-30 12:00:00',4,11,NULL,109),(64,'2022-09-01 11:59:59','\0',NULL,'2022-08-31 12:00:00',5,11,NULL,109),(65,'2022-09-02 11:59:59','\0',NULL,'2022-09-01 12:00:00',6,11,NULL,109),(66,'2022-09-03 11:59:59','\0',NULL,'2022-09-02 12:00:00',7,11,NULL,109),(67,'2022-08-28 11:59:59','',8,'2022-08-27 12:00:00',1,11,NULL,118),(68,'2022-08-29 11:59:59','\0',NULL,'2022-08-28 12:00:00',2,11,NULL,118),(69,'2022-08-30 11:59:59','\0',NULL,'2022-08-29 12:00:00',3,11,NULL,118),(70,'2022-08-31 11:59:59','\0',NULL,'2022-08-30 12:00:00',4,11,NULL,118),(71,'2022-09-01 11:59:59','\0',NULL,'2022-08-31 12:00:00',5,11,NULL,118),(72,'2022-09-02 11:59:59','\0',NULL,'2022-09-01 12:00:00',6,11,NULL,118),(73,'2022-09-03 11:59:59','\0',NULL,'2022-09-02 12:00:00',7,11,NULL,118),(74,'2022-08-28 11:59:59','',10,'2022-08-27 12:00:00',1,11,NULL,119),(75,'2022-08-29 11:59:59','\0',NULL,'2022-08-28 12:00:00',2,11,NULL,119),(76,'2022-08-30 11:59:59','\0',NULL,'2022-08-29 12:00:00',3,11,NULL,119),(77,'2022-08-31 11:59:59','\0',NULL,'2022-08-30 12:00:00',4,11,NULL,119),(78,'2022-09-01 11:59:59','\0',NULL,'2022-08-31 12:00:00',5,11,NULL,119),(79,'2022-09-02 11:59:59','\0',NULL,'2022-09-01 12:00:00',6,11,NULL,119),(80,'2022-09-03 11:59:59','\0',NULL,'2022-09-02 12:00:00',7,11,NULL,119),(95,'2022-08-28 11:59:59','',5,'2022-08-27 12:00:00',1,11,NULL,121),(96,'2022-08-29 11:59:59','\0',NULL,'2022-08-28 12:00:00',2,11,NULL,121),(97,'2022-08-30 11:59:59','\0',NULL,'2022-08-29 12:00:00',3,11,NULL,121),(98,'2022-08-31 11:59:59','\0',NULL,'2022-08-30 12:00:00',4,11,NULL,121),(99,'2022-09-01 11:59:59','\0',NULL,'2022-08-31 12:00:00',5,11,NULL,121),(100,'2022-09-02 11:59:59','\0',NULL,'2022-09-01 12:00:00',6,11,NULL,121),(101,'2022-09-03 11:59:59','\0',NULL,'2022-09-02 12:00:00',7,11,NULL,121),(116,'2022-08-28 11:59:59','',8,'2022-08-27 12:00:00',1,11,NULL,123),(117,'2022-08-29 11:59:59','\0',NULL,'2022-08-28 12:00:00',2,11,NULL,123),(118,'2022-08-30 11:59:59','\0',NULL,'2022-08-29 12:00:00',3,11,NULL,123),(119,'2022-08-31 11:59:59','\0',NULL,'2022-08-30 12:00:00',4,11,NULL,123),(120,'2022-09-01 11:59:59','\0',NULL,'2022-08-31 12:00:00',5,11,NULL,123),(121,'2022-09-02 11:59:59','\0',NULL,'2022-09-01 12:00:00',6,11,NULL,123),(122,'2022-09-03 11:59:59','\0',NULL,'2022-09-02 12:00:00',7,11,NULL,123),(123,'2022-08-28 11:59:59','',8,'2022-08-27 12:00:00',1,11,NULL,124),(124,'2022-08-29 11:59:59','\0',NULL,'2022-08-28 12:00:00',2,11,NULL,124),(125,'2022-08-30 11:59:59','',6,'2022-08-29 12:00:00',3,11,NULL,124),(126,'2022-08-31 11:59:59','\0',NULL,'2022-08-30 12:00:00',4,11,NULL,124),(127,'2022-09-01 11:59:59','\0',NULL,'2022-08-31 12:00:00',5,11,NULL,124),(128,'2022-09-02 11:59:59','\0',NULL,'2022-09-01 12:00:00',6,11,NULL,124),(129,'2022-09-03 11:59:59','\0',NULL,'2022-09-02 12:00:00',7,11,NULL,124),(131,'2022-08-28 11:59:59','\0',NULL,'2022-08-27 12:00:00',1,11,NULL,122),(132,'2022-08-29 11:59:59','\0',NULL,'2022-08-28 12:00:00',2,11,NULL,122),(133,'2022-08-30 11:59:59','\0',NULL,'2022-08-29 12:00:00',3,11,NULL,122),(134,'2022-08-31 11:59:59','\0',NULL,'2022-08-30 12:00:00',4,11,NULL,122),(135,'2022-09-01 11:59:59','\0',NULL,'2022-08-31 12:00:00',5,11,NULL,122),(136,'2022-09-02 11:59:59','\0',NULL,'2022-09-01 12:00:00',6,11,NULL,122),(137,'2022-09-03 11:59:59','\0',NULL,'2022-09-02 12:00:00',7,11,NULL,122),(138,'2022-08-28 11:59:59','\0',NULL,'2022-08-27 12:00:00',1,11,NULL,125),(139,'2022-08-29 11:59:59','',5,'2022-08-28 12:00:00',2,11,NULL,125),(140,'2022-08-30 11:59:59','',2,'2022-08-29 12:00:00',3,11,NULL,125),(141,'2022-08-31 11:59:59','\0',NULL,'2022-08-30 12:00:00',4,11,NULL,125),(142,'2022-09-01 11:59:59','\0',NULL,'2022-08-31 12:00:00',5,11,NULL,125),(143,'2022-09-02 11:59:59','\0',NULL,'2022-09-01 12:00:00',6,11,NULL,125),(144,'2022-09-03 11:59:59','\0',NULL,'2022-09-02 12:00:00',7,11,NULL,125),(145,'2022-08-28 11:59:59','\0',NULL,'2022-08-27 12:00:00',1,11,NULL,109),(146,'2022-08-29 11:59:59','\0',NULL,'2022-08-28 12:00:00',2,11,NULL,109),(147,'2022-08-30 11:59:59','\0',NULL,'2022-08-29 12:00:00',3,11,NULL,109),(148,'2022-08-31 11:59:59','\0',NULL,'2022-08-30 12:00:00',4,11,NULL,109),(149,'2022-09-01 11:59:59','\0',NULL,'2022-08-31 12:00:00',5,11,NULL,109),(150,'2022-09-02 11:59:59','\0',NULL,'2022-09-01 12:00:00',6,11,NULL,109),(151,'2022-09-03 11:59:59','\0',NULL,'2022-09-02 12:00:00',7,11,NULL,109),(152,'2022-08-30 15:32:59','\0',NULL,'2022-08-29 15:33:00',1,14,NULL,109),(153,'2022-08-31 15:32:59','\0',NULL,'2022-08-30 15:33:00',2,14,NULL,109),(154,'2022-09-01 15:32:59','\0',NULL,'2022-08-31 15:33:00',3,14,NULL,109),(155,'2022-09-02 15:32:59','\0',NULL,'2022-09-01 15:33:00',4,14,NULL,109),(156,'2022-09-03 15:32:59','\0',NULL,'2022-09-02 15:33:00',5,14,NULL,109),(157,'2022-09-04 15:32:59','\0',NULL,'2022-09-03 15:33:00',6,14,NULL,109),(158,'2022-09-05 15:32:59','\0',NULL,'2022-09-04 15:33:00',7,14,NULL,109),(159,'2022-08-30 15:32:59','',8,'2022-08-29 15:33:00',1,14,NULL,126),(160,'2022-08-31 15:32:59','',7,'2022-08-30 15:33:00',2,14,NULL,126),(161,'2022-09-01 15:32:59','\0',NULL,'2022-08-31 15:33:00',3,14,NULL,126),(162,'2022-09-02 15:32:59','\0',NULL,'2022-09-01 15:33:00',4,14,NULL,126),(163,'2022-09-03 15:32:59','\0',NULL,'2022-09-02 15:33:00',5,14,NULL,126),(164,'2022-09-04 15:32:59','\0',NULL,'2022-09-03 15:33:00',6,14,NULL,126),(165,'2022-09-05 15:32:59','\0',NULL,'2022-09-04 15:33:00',7,14,NULL,126),(166,'2022-08-30 15:32:59','',4,'2022-08-29 15:33:00',1,14,NULL,127),(167,'2022-08-31 15:32:59','',7,'2022-08-30 15:33:00',2,14,NULL,127),(168,'2022-09-01 15:32:59','\0',NULL,'2022-08-31 15:33:00',3,14,NULL,127),(169,'2022-09-02 15:32:59','\0',NULL,'2022-09-01 15:33:00',4,14,NULL,127),(170,'2022-09-03 15:32:59','\0',NULL,'2022-09-02 15:33:00',5,14,NULL,127),(171,'2022-09-04 15:32:59','\0',NULL,'2022-09-03 15:33:00',6,14,NULL,127),(172,'2022-09-05 15:32:59','\0',NULL,'2022-09-04 15:33:00',7,14,NULL,127),(173,'2022-08-30 15:32:59','',9,'2022-08-29 15:33:00',1,14,NULL,128),(174,'2022-08-31 15:32:59','',9,'2022-08-30 15:33:00',2,14,NULL,128),(175,'2022-09-01 15:32:59','\0',NULL,'2022-08-31 15:33:00',3,14,NULL,128),(176,'2022-09-02 15:32:59','\0',NULL,'2022-09-01 15:33:00',4,14,NULL,128),(177,'2022-09-03 15:32:59','\0',NULL,'2022-09-02 15:33:00',5,14,NULL,128),(178,'2022-09-04 15:32:59','\0',NULL,'2022-09-03 15:33:00',6,14,NULL,128),(179,'2022-09-05 15:32:59','\0',NULL,'2022-09-04 15:33:00',7,14,NULL,128),(180,'2022-08-30 15:32:59','',8,'2022-08-29 15:33:00',1,14,NULL,129),(181,'2022-08-31 15:32:59','',4,'2022-08-30 15:33:00',2,14,NULL,129),(182,'2022-09-01 15:32:59','\0',NULL,'2022-08-31 15:33:00',3,14,NULL,129),(183,'2022-09-02 15:32:59','\0',NULL,'2022-09-01 15:33:00',4,14,NULL,129),(184,'2022-09-03 15:32:59','\0',NULL,'2022-09-02 15:33:00',5,14,NULL,129),(185,'2022-09-04 15:32:59','\0',NULL,'2022-09-03 15:33:00',6,14,NULL,129),(186,'2022-09-05 15:32:59','\0',NULL,'2022-09-04 15:33:00',7,14,NULL,129),(187,'2022-08-30 15:32:59','',6,'2022-08-29 15:33:00',1,14,NULL,130),(188,'2022-08-31 15:32:59','\0',NULL,'2022-08-30 15:33:00',2,14,NULL,130),(189,'2022-09-01 15:32:59','\0',NULL,'2022-08-31 15:33:00',3,14,NULL,130),(190,'2022-09-02 15:32:59','\0',NULL,'2022-09-01 15:33:00',4,14,NULL,130),(191,'2022-09-03 15:32:59','\0',NULL,'2022-09-02 15:33:00',5,14,NULL,130),(192,'2022-09-04 15:32:59','\0',NULL,'2022-09-03 15:33:00',6,14,NULL,130),(193,'2022-09-05 15:32:59','\0',NULL,'2022-09-04 15:33:00',7,14,NULL,130),(194,'2022-08-30 15:32:59','',4,'2022-08-29 15:33:00',1,14,NULL,131),(195,'2022-08-31 15:32:59','\0',NULL,'2022-08-30 15:33:00',2,14,NULL,131),(196,'2022-09-01 15:32:59','\0',NULL,'2022-08-31 15:33:00',3,14,NULL,131),(197,'2022-09-02 15:32:59','\0',NULL,'2022-09-01 15:33:00',4,14,NULL,131),(198,'2022-09-03 15:32:59','\0',NULL,'2022-09-02 15:33:00',5,14,NULL,131),(199,'2022-09-04 15:32:59','\0',NULL,'2022-09-03 15:33:00',6,14,NULL,131),(200,'2022-09-05 15:32:59','\0',NULL,'2022-09-04 15:33:00',7,14,NULL,131),(201,'2022-08-30 15:32:59','',7,'2022-08-29 15:33:00',1,14,NULL,132),(202,'2022-08-31 15:32:59','',9,'2022-08-30 15:33:00',2,14,NULL,132),(203,'2022-09-01 15:32:59','\0',NULL,'2022-08-31 15:33:00',3,14,NULL,132),(204,'2022-09-02 15:32:59','\0',NULL,'2022-09-01 15:33:00',4,14,NULL,132),(205,'2022-09-03 15:32:59','\0',NULL,'2022-09-02 15:33:00',5,14,NULL,132),(206,'2022-09-04 15:32:59','\0',NULL,'2022-09-03 15:33:00',6,14,NULL,132),(207,'2022-09-05 15:32:59','\0',NULL,'2022-09-04 15:33:00',7,14,NULL,132),(208,'2022-08-30 15:32:59','',6,'2022-08-29 15:33:00',1,14,NULL,133),(209,'2022-08-31 15:32:59','\0',NULL,'2022-08-30 15:33:00',2,14,NULL,133),(210,'2022-09-01 15:32:59','\0',NULL,'2022-08-31 15:33:00',3,14,NULL,133),(211,'2022-09-02 15:32:59','\0',NULL,'2022-09-01 15:33:00',4,14,NULL,133),(212,'2022-09-03 15:32:59','\0',NULL,'2022-09-02 15:33:00',5,14,NULL,133),(213,'2022-09-04 15:32:59','\0',NULL,'2022-09-03 15:33:00',6,14,NULL,133),(214,'2022-09-05 15:32:59','\0',NULL,'2022-09-04 15:33:00',7,14,NULL,133),(215,'2022-08-30 15:32:59','',8,'2022-08-29 15:33:00',1,14,NULL,134),(216,'2022-08-31 15:32:59','\0',NULL,'2022-08-30 15:33:00',2,14,NULL,134),(217,'2022-09-01 15:32:59','\0',NULL,'2022-08-31 15:33:00',3,14,NULL,134),(218,'2022-09-02 15:32:59','\0',NULL,'2022-09-01 15:33:00',4,14,NULL,134),(219,'2022-09-03 15:32:59','\0',NULL,'2022-09-02 15:33:00',5,14,NULL,134),(220,'2022-09-04 15:32:59','\0',NULL,'2022-09-03 15:33:00',6,14,NULL,134),(221,'2022-09-05 15:32:59','\0',NULL,'2022-09-04 15:33:00',7,14,NULL,134),(222,'2022-08-28 11:59:59','\0',NULL,'2022-08-27 12:00:00',1,11,NULL,120),(223,'2022-08-29 11:59:59','\0',NULL,'2022-08-28 12:00:00',2,11,NULL,120),(224,'2022-08-30 11:59:59','\0',NULL,'2022-08-29 12:00:00',3,11,NULL,120),(225,'2022-08-31 11:59:59','\0',NULL,'2022-08-30 12:00:00',4,11,NULL,120),(226,'2022-09-01 11:59:59','\0',NULL,'2022-08-31 12:00:00',5,11,NULL,120),(227,'2022-09-02 11:59:59','\0',NULL,'2022-09-01 12:00:00',6,11,NULL,120),(228,'2022-09-03 11:59:59','\0',NULL,'2022-09-02 12:00:00',7,11,NULL,120),(229,'2022-08-30 15:32:59','',8,'2022-08-29 15:33:00',1,14,NULL,136),(230,'2022-08-31 15:32:59','',4,'2022-08-30 15:33:00',2,14,NULL,136),(231,'2022-09-01 15:32:59','\0',NULL,'2022-08-31 15:33:00',3,14,NULL,136),(232,'2022-09-02 15:32:59','\0',NULL,'2022-09-01 15:33:00',4,14,NULL,136),(233,'2022-09-03 15:32:59','\0',NULL,'2022-09-02 15:33:00',5,14,NULL,136),(234,'2022-09-04 15:32:59','\0',NULL,'2022-09-03 15:33:00',6,14,NULL,136),(235,'2022-09-05 15:32:59','\0',NULL,'2022-09-04 15:33:00',7,14,NULL,136),(236,'2022-08-30 15:32:59','',NULL,'2022-08-29 15:33:00',1,14,NULL,137),(237,'2022-08-31 15:32:59','\0',NULL,'2022-08-30 15:33:00',2,14,NULL,137),(238,'2022-09-01 15:32:59','\0',NULL,'2022-08-31 15:33:00',3,14,NULL,137),(239,'2022-09-02 15:32:59','\0',NULL,'2022-09-01 15:33:00',4,14,NULL,137),(240,'2022-09-03 15:32:59','\0',NULL,'2022-09-02 15:33:00',5,14,NULL,137),(241,'2022-09-04 15:32:59','\0',NULL,'2022-09-03 15:33:00',6,14,NULL,137),(242,'2022-09-05 15:32:59','\0',NULL,'2022-09-04 15:33:00',7,14,NULL,137),(243,'2022-08-28 11:59:59','\0',NULL,'2022-08-27 12:00:00',1,11,NULL,138),(244,'2022-08-29 11:59:59','\0',NULL,'2022-08-28 12:00:00',2,11,NULL,138),(245,'2022-08-30 11:59:59','\0',NULL,'2022-08-29 12:00:00',3,11,NULL,138),(246,'2022-08-31 11:59:59','\0',NULL,'2022-08-30 12:00:00',4,11,NULL,138),(247,'2022-09-01 11:59:59','\0',NULL,'2022-08-31 12:00:00',5,11,NULL,138),(248,'2022-09-02 11:59:59','\0',NULL,'2022-09-01 12:00:00',6,11,NULL,138),(249,'2022-09-03 11:59:59','\0',NULL,'2022-09-02 12:00:00',7,11,NULL,138);
/*!40000 ALTER TABLE `trial` ENABLE KEYS */;
UNLOCK TABLES;

--
-- Table structure for table `user`
--

DROP TABLE IF EXISTS `user`;
/*!40101 SET @saved_cs_client     = @@character_set_client */;
/*!40101 SET character_set_client = utf8 */;
CREATE TABLE `user` (
  `id` bigint(20) NOT NULL AUTO_INCREMENT,
  `email` varchar(255) DEFAULT NULL,
  `enabled` bit(1) DEFAULT NULL,
  `password` varchar(255) DEFAULT NULL,
  `picture_url` varchar(255) DEFAULT NULL,
  `uid` varchar(255) DEFAULT NULL,
  `username` varchar(255) DEFAULT NULL,
  PRIMARY KEY (`id`),
  UNIQUE KEY `UK_ob8kqyqqgmefl0aco34akdtpe` (`email`)
) ENGINE=InnoDB AUTO_INCREMENT=139 DEFAULT CHARSET=utf8mb4;
/*!40101 SET character_set_client = @saved_cs_client */;

--
-- Dumping data for table `user`
--

LOCK TABLES `user` WRITE;
/*!40000 ALTER TABLE `user` DISABLE KEYS */;
INSERT INTO `user` VALUES (1,'feanor_esc@hotmail.com','','$2y$12$Xpth.rVUZzFM6C3XnY0ZQuLIUu7tbB5I9G8N9V.Og21Vzd.m0Bm8S',NULL,'767236773950324627','hebaja'),(2,'alinemiglioli@gmail.com','',NULL,NULL,'105722614627711898697','Aline'),(3,'wagnermatera@gmail.com','','$2a$12$oEQmgH9RRQ9x8Edx6KKnguOA1vTeA5Z96cgVEG/sWnmSN.eqSa.Ue',NULL,'610604719943927019','Wagner Matera'),(9,'biancamiglioli@gmail.com','',NULL,'https://lh3.googleusercontent.com/a-/AFdZucqUO2exj0Em_arafX8BViz2XgkeAF9euRhJ-NPseQ=s96-c','104583872735286604649','aline'),(10,'nildabatista1946@gmail.com','',NULL,NULL,'109813868608600828793','Nilda'),(22,'nitamedeiros20@gmail.com','',NULL,NULL,'3913148408806775','Joanita De S. Medeiros'),(24,'biancamiglioli@yahoo.com','','$2a$12$/SKuqoRH86dZ2vCEhcEcW.djy9BfgQx.hyVKoWg/BVM8mSzr28Uge','https://lh3.googleusercontent.com/a/AItbvmlwEYlh-_UXCyTcigMzpujl_shRCVtnIrZgvCfN=s96-c','100744835586978430977','biancamiglioli'),(25,'levaticc@gmail.com','',NULL,NULL,'115903482179091192934','Leticia'),(48,'professorajanainafreitas@gmail.com','',NULL,NULL,'3781029771934513','Janaina'),(50,'cacauvermelho@outlook.com','',NULL,NULL,'102227478122301640526','Sr.Mowbet'),(54,'jbernardo.cunha58@gmail.com','',NULL,NULL,'116308116833251006507','heric-'),(55,'cardosoisaque993@gmail.com','',NULL,NULL,'117326231361133218259','Isaque'),(56,'gustavoalice41@gmail.com','',NULL,NULL,'104237507116644113982','GUSTAVO'),(59,'jessica.carvalho140412@gmail.com','',NULL,NULL,'105323067007321817667','Jéssica'),(60,'analuizavicentelima@hotmail.com','',NULL,NULL,'1557149394493526','Ana Luiza Vicente de Lima'),(62,'diegoledn@gmail.com','',NULL,NULL,'113901354845247279228','Diego'),(63,'cruz.papaulo@gmail.com','',NULL,NULL,'108313859596715964662','marcos'),(64,'dudarayamontenegro@gmail.com','','$2a$12$gyUnoy9PV07UgOSFem9ca.OGHBW7p69TD3J1NeuSIpjUjIic8OVQC',NULL,'809700885968335121','Maria'),(65,'riibeirojess@gmail.com','',NULL,NULL,'105245974195146028095','Jéssica'),(66,NULL,'',NULL,'https://platform-lookaside.fbsbx.com/platform/profilepic/?asid=10150001806508949&height=50&width=50&ext=1662825562&hash=AeR37-z0XKAlq_DoCWA','10150001806508949','Dorothy'),(67,'taisvmachado@gmail.com','',NULL,NULL,'100415184463463698320','Tais'),(83,'sheeplarissa@gmail.com','','$2a$12$5i4pKB8qQRx99HSb7UBhIuxSkJXslqchxw.9zdVYAeOL0C5r6/YA6',NULL,'101622673024311851749','Larissa'),(84,'hebajabackup@gmail.com','',NULL,NULL,'109669315552025821390','Henrique'),(85,'ccsdaraujo@gmail.com','',NULL,NULL,'3840033312793112','Yanifa Ifakemi Opalaja'),(86,'yasmin4082@gmail.com','',NULL,NULL,'109724777806781281613','Yasmin'),(90,'veras.yohanna@gmail.com','',NULL,NULL,'115458833554860504737','Yohanna'),(91,'one.wizsone@gmail.com','',NULL,NULL,'111608008523178736153','one.wizsone'),(92,'amanda.alvesbr@gmail.com','',NULL,NULL,'2029488903868865','Amanda'),(93,'kauanvicente@bol.com.br','',NULL,NULL,'2614053952073073','Kauan'),(94,'neneca.correa@hotmail.com','',NULL,NULL,'2676526652641764','Maria Eduarda Cardoso'),(95,'gabrielcrazy777@gmail.com','',NULL,NULL,'2613460378799565','Gabriel Fernandes'),(96,'millynhaanjos14@gmail.com','',NULL,NULL,'117695312044283545034','Camilly'),(97,'paolamsouza@icloud.com','',NULL,NULL,'4863041443726528','Paola Machado'),(100,'julialara1447@gmail.com','',NULL,NULL,'112477983734718232307','Julia'),(106,'guzxnusksx_1642036063@tfbnw.net','',NULL,NULL,'12602206998754','Mark'),(109,'hebaja@gmail.com','',NULL,'https://lh3.googleusercontent.com/a/AItbvmkdjl7Pev_MGGusdF2eBvTcqVXBYgOJZR7k1sMr=s96-c','107198173708792746864','Henrique'),(110,'ddorothywisemanwitz@gmail.com','',NULL,'https://platform-lookaside.fbsbx.com/platform/profilepic/?asid=10150001806508949&height=50&width=50&ext=1662826667&hash=AeS3ye0WECaOeX7KVrg','10150001806508949','Dorothy'),(111,'bassgaspar@gmail.com','',NULL,'https://lh3.googleusercontent.com/a-/AFdZucoonNG5PVtblZHtjtIPzCCC46O8-RsarqywFzVn-4o=s96-c','112942348278570805589','Rodrigo'),(112,'helinho.machado973@gmail.com','',NULL,'https://lh3.googleusercontent.com/a-/AFdZucoYyjgn3XxSeoNN6gsjtP-y4omYW32QlU2jUJ90GE8=s96-c','117917675295421039481','HÉLIO'),(113,'mariaa.ayres12@gmail.com','',NULL,'https://lh3.googleusercontent.com/a-/AFdZucq1ZEwJ0smTS13dm68StLLWVze3ayPmp_9QTaprNe8=s96-c','108400023971919559992','Maria Adelaide'),(114,'nutelinhageladinho@gmail.com','',NULL,'https://lh3.googleusercontent.com/a-/AFdZucphUnrLbQoghlo88oAUphV9IBqXLxawPr2trh56dA=s96-c','113808576913964506793','Gabriel'),(115,'luizagouveia90@gmail.com','',NULL,'https://lh3.googleusercontent.com/a-/AFdZucrxM6dPdNSr9vBFTwurGC72t92DDeI1Uen5hRSc5-Y=s96-c','107069416688787640272','Maria luiza'),(116,'steffani.pinheiro50@gmail.com','',NULL,'https://lh3.googleusercontent.com/a/AItbvmnTdl-fbvptLD0Z5-HOmAnfiZ_IUSXmKuixNFE=s96-c','107096025278439600127','Steffani'),(117,'andreyrsousa2006@gmail.com','',NULL,'https://lh3.googleusercontent.com/a/AItbvmmQtaS63dU2Dy1fMr11nhLISSIwUNSw2uSzQsqu=s96-c','110293823105740753298','Andrey'),(118,'catharinetatagames@gmail.com','',NULL,'https://lh3.googleusercontent.com/a-/AFdZucprvJe4IeydlRusD5f44r085U6qBsFTyUQHFp6f=s96-c','112948286580589001272','Catharine'),(119,'dossantosguilhermebastos@gmail.com','',NULL,'https://lh3.googleusercontent.com/a-/AFdZucppJxcxNB2NxJGYGCM6MIv1DL1YesyA6YhZTHaUNrs=s96-c','112967217417855113505','Guilherme'),(120,'hcampanham@gmail.com','',NULL,'https://lh3.googleusercontent.com/a-/AFdZucrKBXDDztVjeanZiu7CilLtchJXoe5U3H9ieCLwiQ=s96-c','102836625001995443446','Hudsuzin'),(121,'f.dapedroza@gmail.com','',NULL,'https://lh3.googleusercontent.com/a/AItbvmmNCxph4tKy7n7PDxthGhR6jmTImpJzw9HpLY5Z=s96-c','115748605880640387948','David'),(122,'davilessagames@gmail.com','',NULL,'https://lh3.googleusercontent.com/a-/AFdZucrt1nNp4ny3zVDT35nM7Eg0VuTKqr3bUBEKjMLoiQ=s96-c','101480225260286655463','Davi Lessa'),(123,'fabiocostabarros123@gmail.com','',NULL,'https://lh3.googleusercontent.com/a/AItbvmkVrxA5Maxb4h6m--YPfukoB_a5XuD6GakXlJ70=s96-c','102859447877898599181','Fabio'),(124,'joaopaulojp0405@gmail.com','',NULL,'https://lh3.googleusercontent.com/a/AItbvmnVQKkAYfK5AG6K96T6stZixzJuxRDw9WcIaKhc=s96-c','112145997124921390076','João'),(125,'arsrubro@gmail.com','',NULL,'https://lh3.googleusercontent.com/a-/AFdZucqVa3lYB5nykD08-88JjztV1DCzLgOismaRp9jt=s96-c','115894487198238949572','BRABOX'),(126,'rodrigo19243490@gmail.com','',NULL,'https://lh3.googleusercontent.com/a/AItbvmmo8VsP8EikXunyY1kUiHOeRqEmNcZraI9z9RBS=s96-c','117962014866592071216','Rodrigo'),(127,'giuliamvantunes27@gmail.com','',NULL,'https://lh3.googleusercontent.com/a/AItbvmnHno21lusEdPOk0Tf1m2W0KluSkfOvFqp6b4MG=s96-c','107703203439006409001','Giulia'),(128,'fabiopessoafilho@gmail.com','',NULL,'https://lh3.googleusercontent.com/a-/AFdZucq4UiIuB8q_ExvUbtNL3ba6fpwNMflJZkS7ILo7Fw=s96-c','111377726779679924003','Fabio'),(129,'gabrielmotta1040@gmail.com','',NULL,'https://lh3.googleusercontent.com/a/AItbvml4K_ceM78O6ST7o3yttQnOl2mfMm1NUComrrNl=s96-c','114766995977311955399','Gabriel'),(130,'manufop10@gmail.com','',NULL,'https://lh3.googleusercontent.com/a-/AFdZucojpflyC4GQOVFzzzRqliQuyADbgYgoG1gbJmrhbAo=s96-c','118079210977951075592','Manu'),(131,'ihatedeio777@gmail.com','',NULL,'https://lh3.googleusercontent.com/a/AItbvmmfLwuSOrir3YDOOQn6de3zFgZrbo5MwUZ8HmW1=s96-c','103102742449988567339','Sabrina'),(132,'furtadoanalu@gmail.com','','$2a$12$aBKAd1VTsZRx6YbnSZ3YAu0a7F9Bu3OJVW9hFNrI/qMnjwR6X/KiO',NULL,'820610734535174939','Luísa Furtado '),(133,'filipe.viana23@gmail.com','',NULL,'https://lh3.googleusercontent.com/a-/AFdZucpY0lUXI06SyM0NPsVZspe2bVKt2BoCw-K17m5-eQ=s96-c','111996943493692226155','Filipe'),(134,'malusalgado2309@gmail.com','',NULL,'https://lh3.googleusercontent.com/a-/AFdZucoTiNvsPzazpBwoJ7lhn7aL0DHtCmzAyIqNMPkk4w=s96-c','116810239986643637423','M a'),(135,'rafael.roliveiralopes@gmail.com','',NULL,'https://lh3.googleusercontent.com/a/AItbvmltpxXR4C01qxxzePopbw7xn57kiOcLOT2soE_b=s96-c','106166639448296621248','Rafael'),(136,'valeria.almeida.catem@gmail.com','',NULL,'https://lh3.googleusercontent.com/a-/AFdZucp5uojcWPcH6D1q-nrz65SdZloFKkf3xwcZVE6v-wI=s96-c','102988936382518214507','Pedro Henrique'),(137,'santosdequeirozjulyana@gmail.com','',NULL,'https://lh3.googleusercontent.com/a-/AFdZucpFWOSUb42mCuUoI9y0727lgvCsFHTPJEUpOkoPCQ=s96-c','104446747335341056430','Julyana'),(138,'sbethlacerda@gmail.com','',NULL,'https://lh3.googleusercontent.com/a-/AFdZucpZUhKBaeLXnzQNnxVujq9YWoEzt3rDqiYqpb5Ezg=s96-c','100688024488935028204','Catharine');
/*!40000 ALTER TABLE `user` ENABLE KEYS */;
UNLOCK TABLES;

--
-- Table structure for table `user_accounts`
--

DROP TABLE IF EXISTS `user_accounts`;
/*!40101 SET @saved_cs_client     = @@character_set_client */;
/*!40101 SET character_set_client = utf8 */;
CREATE TABLE `user_accounts` (
  `user_id` bigint(20) NOT NULL,
  `account_type` varchar(255) DEFAULT NULL,
  KEY `FKfsbmnfpu72jp74r2wa3b84wps` (`user_id`),
  CONSTRAINT `FKfsbmnfpu72jp74r2wa3b84wps` FOREIGN KEY (`user_id`) REFERENCES `user` (`id`)
) ENGINE=InnoDB DEFAULT CHARSET=utf8mb4;
/*!40101 SET character_set_client = @saved_cs_client */;

--
-- Dumping data for table `user_accounts`
--

LOCK TABLES `user_accounts` WRITE;
/*!40000 ALTER TABLE `user_accounts` DISABLE KEYS */;
INSERT INTO `user_accounts` VALUES (1,'EMAIL'),(2,'GOOGLE'),(3,'EMAIL'),(9,'GOOGLE'),(10,'GOOGLE'),(22,'FACEBOOK'),(25,'GOOGLE'),(48,'FACEBOOK'),(50,'GOOGLE'),(54,'GOOGLE'),(55,'GOOGLE'),(56,'GOOGLE'),(59,'GOOGLE'),(60,'FACEBOOK'),(62,'GOOGLE'),(63,'GOOGLE'),(64,'EMAIL'),(65,'GOOGLE'),(66,'FACEBOOK'),(67,'GOOGLE'),(84,'GOOGLE'),(85,'FACEBOOK'),(86,'GOOGLE'),(90,'GOOGLE'),(91,'GOOGLE'),(92,'FACEBOOK'),(93,'FACEBOOK'),(94,'FACEBOOK'),(95,'FACEBOOK'),(96,'GOOGLE'),(97,'FACEBOOK'),(100,'GOOGLE'),(83,'EMAIL'),(83,'GOOGLE'),(106,'FACEBOOK'),(109,'GOOGLE'),(110,'FACEBOOK'),(111,'GOOGLE'),(24,'EMAIL'),(24,'GOOGLE'),(112,'GOOGLE'),(113,'GOOGLE'),(114,'GOOGLE'),(115,'GOOGLE'),(116,'GOOGLE'),(117,'GOOGLE'),(118,'GOOGLE'),(119,'GOOGLE'),(120,'GOOGLE'),(121,'GOOGLE'),(122,'GOOGLE'),(123,'GOOGLE'),(124,'GOOGLE'),(125,'GOOGLE'),(126,'GOOGLE'),(127,'GOOGLE'),(128,'GOOGLE'),(129,'GOOGLE'),(130,'GOOGLE'),(131,'GOOGLE'),(132,'EMAIL'),(133,'GOOGLE'),(134,'GOOGLE'),(135,'GOOGLE'),(136,'GOOGLE'),(137,'GOOGLE'),(138,'GOOGLE');
/*!40000 ALTER TABLE `user_accounts` ENABLE KEYS */;
UNLOCK TABLES;

--
-- Table structure for table `user_register_token`
--

DROP TABLE IF EXISTS `user_register_token`;
/*!40101 SET @saved_cs_client     = @@character_set_client */;
/*!40101 SET character_set_client = utf8 */;
CREATE TABLE `user_register_token` (
  `id` bigint(20) NOT NULL,
  `email` varchar(255) DEFAULT NULL,
  `expiry_date` datetime DEFAULT NULL,
  `pasword` varchar(255) DEFAULT NULL,
  `token` varchar(255) DEFAULT NULL,
  `username` varchar(255) DEFAULT NULL,
  PRIMARY KEY (`id`)
) ENGINE=InnoDB DEFAULT CHARSET=utf8mb4;
/*!40101 SET character_set_client = @saved_cs_client */;

--
-- Dumping data for table `user_register_token`
--

LOCK TABLES `user_register_token` WRITE;
/*!40000 ALTER TABLE `user_register_token` DISABLE KEYS */;
INSERT INTO `user_register_token` VALUES (36,'jessicak@gmail.com','2021-05-15 16:50:07','$2a$12$mf9ftuJvXi2kbWp8Z/RpVeSKtVW5V1NZOyiaHebXW/6rDUu3RBPPO','1ce4f713-ffe7-406c-a0a1-1fb28ea3785f','juju'),(37,'hugohj@gmail.com','2021-05-15 16:54:25','$2a$12$3yTfPdDnLot4nlFN0s4kyOTWLDV2E6zFyPzvoq4Vh/7XlhzCo8eje','b4013ad4-9b60-4cc0-b6e6-764439e65fbf','Cams'),(48,'islam67747@gmail.com','2021-06-06 09:03:36','$2a$12$ZlmKcFrhxaCWoIiFwokn8u.hkjMdw7eqNRwvzjV8TErSvzhLeUXrG','a2e1c5b3-78c6-4198-9a44-59c7330e2a2e','isbehhdhd'),(52,'paolamsouza@icloud.com','2021-09-03 13:33:29','$2a$12$HHyIUhefL4yT4.JxXipo4OFRCVLayjNRQMjGOLBPlWPHFdpBI65My','1b489624-eebb-4916-a041-c224bc29fa82','paolamachado'),(53,'paolamsouza@icloud.com','2021-11-05 16:18:03','$2a$12$f5yNV4Ha0H6jwS8DS/CGBewDrTZY2iLguLXZfWOhgjlUxinuH7mDS','6dcbbe53-1a10-4180-a8f7-0afb98d490b0','Paolamachado'),(55,'arthuracardoso113@gmail.com','2022-08-28 15:07:43','$2a$12$zHCTV8qLJObs3YeENQjW5us.wjoGHXdQkCoA65fcsQ6tZsotbrHqa','dc96d5a5-2e6d-492c-a0e0-04c725d72607','Arthur'),(56,'arthuracardoso113@gmail.com','2022-08-28 15:09:35','$2a$12$3NgN5OD6P.W01xztqoWxVuQ5zNSBU6yKsj8wzToGW0ID5XdKNK/mq','0e56b6d5-fbd5-41be-bbc9-1ca21be2cdc6','Arthur'),(57,'rafael.oliveiralopes@hotmail.com','2022-08-28 15:09:42','$2a$12$qIgHY6DssLxY9JUqPIMAcOL0cveSy0ZxaMLgmG4/EamYAxOvRPj3O','d22e86d6-7aa8-46b6-ae0f-964c58d966f2','Rafael'),(58,'malusalgado2309@gmail.com','2022-08-30 18:53:57','$2a$12$cedhDNQXUCBD3BVTMXzeJ.GR.RrjH1jW9Wy88P5Bh94YfpX6KYQhK','3f4cb3ff-d13e-4d58-af44-4f0ca84a922b','Malu'),(59,'malusalgado2309@gmail.com','2022-08-30 18:54:34','$2a$12$PDr.xTDwDxzgf6Co8Q3ExOeE.E9s7BA9k0ixCCfh.I9eDSNHWuwNm','af47d4ae-ea3c-42b6-83d6-8c0c7fbb0281','Malusalgado'),(60,'malusalgado2309@gmail.com','2022-08-30 18:55:06','$2a$12$ma2sMEYy5VnuHAjR7o/0VOlor4UpT7vCC7tU7wB7syarlwY5Nv6ay','cbde71aa-40ba-4b08-83ff-d8063653a406','malusalgado'),(62,'malusalgado2309@gmail.com','2022-08-30 18:58:16','$2a$12$Yu/9HMGGqLN15EiFh0RlSeBel7thKWR0Nhmzr7KOiW0Yq8.X/UfaO','07a805ef-7f99-49fc-be56-c805585635de','Malusalgado');
/*!40000 ALTER TABLE `user_register_token` ENABLE KEYS */;
UNLOCK TABLES;

--
-- Table structure for table `user_roles`
--

DROP TABLE IF EXISTS `user_roles`;
/*!40101 SET @saved_cs_client     = @@character_set_client */;
/*!40101 SET character_set_client = utf8 */;
CREATE TABLE `user_roles` (
  `user_id` bigint(20) NOT NULL,
  `role` varchar(255) DEFAULT NULL,
  KEY `FK55itppkw3i07do3h7qoclqd4k` (`user_id`),
  CONSTRAINT `FK55itppkw3i07do3h7qoclqd4k` FOREIGN KEY (`user_id`) REFERENCES `user` (`id`)
) ENGINE=InnoDB DEFAULT CHARSET=utf8mb4;
/*!40101 SET character_set_client = @saved_cs_client */;

--
-- Dumping data for table `user_roles`
--

LOCK TABLES `user_roles` WRITE;
/*!40000 ALTER TABLE `user_roles` DISABLE KEYS */;
INSERT INTO `user_roles` VALUES (2,'ROLE_STUDENT'),(3,'ROLE_STUDENT'),(10,'ROLE_STUDENT'),(22,'ROLE_STUDENT'),(25,'ROLE_STUDENT'),(48,'ROLE_STUDENT'),(50,'ROLE_STUDENT'),(54,'ROLE_STUDENT'),(55,'ROLE_STUDENT'),(56,'ROLE_STUDENT'),(59,'ROLE_STUDENT'),(60,'ROLE_STUDENT'),(62,'ROLE_STUDENT'),(63,'ROLE_STUDENT'),(64,'ROLE_STUDENT'),(65,'ROLE_STUDENT'),(67,'ROLE_STUDENT'),(83,'ROLE_STUDENT'),(84,'ROLE_STUDENT'),(85,'ROLE_STUDENT'),(86,'ROLE_STUDENT'),(90,'ROLE_STUDENT'),(91,'ROLE_STUDENT'),(92,'ROLE_STUDENT'),(93,'ROLE_STUDENT'),(94,'ROLE_STUDENT'),(95,'ROLE_STUDENT'),(96,'ROLE_STUDENT'),(97,'ROLE_STUDENT'),(100,'ROLE_STUDENT'),(106,'ROLE_STUDENT'),(1,'ROLE_STUDENT'),(1,'ROLE_TEACHER'),(66,'ROLE_STUDENT'),(66,'ROLE_STUDENT'),(110,'ROLE_TEACHER'),(24,'ROLE_STUDENT'),(24,'ROLE_TEACHER'),(24,'ROLE_STUDENT'),(112,'ROLE_STUDENT'),(114,'ROLE_STUDENT'),(114,'ROLE_STUDENT'),(113,'ROLE_STUDENT'),(113,'ROLE_STUDENT'),(113,'ROLE_STUDENT'),(113,'ROLE_STUDENT'),(9,'ROLE_STUDENT'),(9,'ROLE_STUDENT'),(9,'ROLE_STUDENT'),(9,'ROLE_STUDENT'),(9,'ROLE_STUDENT'),(9,'ROLE_STUDENT'),(9,'ROLE_STUDENT'),(9,'ROLE_STUDENT'),(111,'ROLE_STUDENT'),(111,'ROLE_STUDENT'),(111,'ROLE_STUDENT'),(111,'ROLE_STUDENT'),(115,'ROLE_STUDENT'),(118,'ROLE_STUDENT'),(121,'ROLE_STUDENT'),(123,'ROLE_STUDENT'),(117,'ROLE_STUDENT'),(117,'ROLE_STUDENT'),(117,'ROLE_STUDENT'),(122,'ROLE_STUDENT'),(122,'ROLE_STUDENT'),(122,'ROLE_STUDENT'),(122,'ROLE_STUDENT'),(122,'ROLE_STUDENT'),(122,'ROLE_STUDENT'),(122,'ROLE_STUDENT'),(122,'ROLE_STUDENT'),(125,'ROLE_STUDENT'),(125,'ROLE_STUDENT'),(130,'ROLE_STUDENT'),(131,'ROLE_STUDENT'),(132,'ROLE_STUDENT'),(133,'ROLE_STUDENT'),(134,'ROLE_STUDENT'),(120,'ROLE_STUDENT'),(120,'ROLE_STUDENT'),(120,'ROLE_STUDENT'),(135,'ROLE_STUDENT'),(124,'ROLE_STUDENT'),(124,'ROLE_STUDENT'),(129,'ROLE_STUDENT'),(129,'ROLE_STUDENT'),(129,'ROLE_STUDENT'),(137,'ROLE_STUDENT'),(137,'ROLE_STUDENT'),(137,'ROLE_STUDENT'),(127,'ROLE_STUDENT'),(127,'ROLE_STUDENT'),(126,'ROLE_STUDENT'),(126,'ROLE_STUDENT'),(109,'ROLE_STUDENT'),(109,'ROLE_STUDENT'),(109,'ROLE_STUDENT'),(109,'ROLE_STUDENT'),(109,'ROLE_STUDENT'),(109,'ROLE_STUDENT'),(109,'ROLE_STUDENT'),(109,'ROLE_STUDENT'),(109,'ROLE_STUDENT'),(109,'ROLE_STUDENT'),(109,'ROLE_STUDENT'),(109,'ROLE_STUDENT'),(109,'ROLE_STUDENT'),(109,'ROLE_STUDENT'),(109,'ROLE_STUDENT'),(109,'ROLE_STUDENT'),(109,'ROLE_STUDENT'),(109,'ROLE_STUDENT'),(109,'ROLE_STUDENT'),(109,'ROLE_STUDENT'),(128,'ROLE_STUDENT'),(128,'ROLE_STUDENT'),(128,'ROLE_STUDENT'),(128,'ROLE_STUDENT'),(128,'ROLE_STUDENT'),(128,'ROLE_STUDENT'),(128,'ROLE_STUDENT'),(128,'ROLE_STUDENT'),(119,'ROLE_STUDENT'),(119,'ROLE_STUDENT'),(119,'ROLE_STUDENT'),(119,'ROLE_STUDENT'),(138,'ROLE_STUDENT'),(136,'ROLE_STUDENT'),(136,'ROLE_STUDENT'),(116,'ROLE_STUDENT'),(116,'ROLE_STUDENT'),(116,'ROLE_STUDENT');
/*!40000 ALTER TABLE `user_roles` ENABLE KEYS */;
UNLOCK TABLES;

--
-- Table structure for table `user_subscribed_quests_ids`
--

DROP TABLE IF EXISTS `user_subscribed_quests_ids`;
/*!40101 SET @saved_cs_client     = @@character_set_client */;
/*!40101 SET character_set_client = utf8 */;
CREATE TABLE `user_subscribed_quests_ids` (
  `user_id` bigint(20) NOT NULL,
  `subscribed_quests_ids` bigint(20) DEFAULT NULL,
  KEY `FKpujpirr2vgwiy5kgc0acp03n8` (`user_id`),
  CONSTRAINT `FKpujpirr2vgwiy5kgc0acp03n8` FOREIGN KEY (`user_id`) REFERENCES `user` (`id`)
) ENGINE=InnoDB DEFAULT CHARSET=utf8mb4;
/*!40101 SET character_set_client = @saved_cs_client */;

--
-- Dumping data for table `user_subscribed_quests_ids`
--

LOCK TABLES `user_subscribed_quests_ids` WRITE;
/*!40000 ALTER TABLE `user_subscribed_quests_ids` DISABLE KEYS */;
INSERT INTO `user_subscribed_quests_ids` VALUES (109,1),(24,1),(111,4),(9,4),(112,4),(109,4),(113,4),(114,4),(109,8),(9,9),(111,9),(115,11),(117,11),(116,11),(118,11),(119,11),(121,11),(123,11),(124,11),(109,12),(122,11),(125,11),(109,11),(109,14),(126,14),(127,14),(128,14),(129,14),(130,14),(131,14),(132,14),(133,14),(134,14),(120,11),(136,14),(137,14),(138,11);
/*!40000 ALTER TABLE `user_subscribed_quests_ids` ENABLE KEYS */;
UNLOCK TABLES;

--
-- Table structure for table `users`
--

DROP TABLE IF EXISTS `users`;
/*!40101 SET @saved_cs_client     = @@character_set_client */;
/*!40101 SET character_set_client = utf8 */;
CREATE TABLE `users` (
  `id` bigint(20) NOT NULL AUTO_INCREMENT,
  `email` varchar(255) DEFAULT NULL,
  `enabled` bit(1) DEFAULT NULL,
  `password` varchar(255) DEFAULT NULL,
  `uid` varchar(255) DEFAULT NULL,
  `username` varchar(255) DEFAULT NULL,
  PRIMARY KEY (`id`),
  UNIQUE KEY `UK_6dotkott2kjsp8vw4d0m25fb7` (`email`)
) ENGINE=InnoDB DEFAULT CHARSET=utf8mb4;
/*!40101 SET character_set_client = @saved_cs_client */;

--
-- Dumping data for table `users`
--

LOCK TABLES `users` WRITE;
/*!40000 ALTER TABLE `users` DISABLE KEYS */;
/*!40000 ALTER TABLE `users` ENABLE KEYS */;
UNLOCK TABLES;
/*!40103 SET TIME_ZONE=@OLD_TIME_ZONE */;

/*!40101 SET SQL_MODE=@OLD_SQL_MODE */;
/*!40014 SET FOREIGN_KEY_CHECKS=@OLD_FOREIGN_KEY_CHECKS */;
/*!40014 SET UNIQUE_CHECKS=@OLD_UNIQUE_CHECKS */;
/*!40101 SET CHARACTER_SET_CLIENT=@OLD_CHARACTER_SET_CLIENT */;
/*!40101 SET CHARACTER_SET_RESULTS=@OLD_CHARACTER_SET_RESULTS */;
/*!40101 SET COLLATION_CONNECTION=@OLD_COLLATION_CONNECTION */;
/*!40111 SET SQL_NOTES=@OLD_SQL_NOTES */;

-- Dump completed on 2022-09-01 18:10:54
